id,revenue
3001,1265583.9613501064
3002,1507372.9466832546
3003,5706962.378495706
3004,8833819.92146958
3005,379139.28760348173
3006,3473426.4006980057
3007,1741627.1499255744
3008,35438513.38029655
3009,23728924.502097692
3010,297078433.1852194
3011,138942.64983156207
3012,463533.22586435627
3013,5441054.386522715
3014,158214.63641110074
3015,26483859.618129566
3016,103330.1690703136
3017,94334356.12233682
3018,132045787.53878315
3019,25824863.091545105
3020,558941368.7417746
3021,49085900.26958846
3022,35680625.322592795
3023,517163.2275850993
3024,28355510.99857155
3025,1142863.2450745367
3026,92769985.13995546
3027,1563407.297993162
3028,40926134.328921795
3029,98818.26974941255
3030,37115176.079616785
3031,6741710.11631491
3032,2123918.142408096
3033,956.4987916140235
3034,950.2402254641656
3035,373425.01950502436
3036,1116176.5210296013
3037,42787962.49950017
3038,13923640.53870037
3039,9304721.464442614
3040,578562.1236579205
3041,15095672.166540975
3042,1439376.0910066415
3043,578394.8080168149
3044,1268525.6547380504
3045,480396636.595767
3046,1323548.936881226
3047,7254392.782457659
3048,22619050.20325185
3049,21544783.222206853
3050,32827295.863244243
3051,856.7158953077128
3052,2300199.3114973414
3053,117733.01644026888
3054,1845776.1032076662
3055,61010266.970943265
3056,45273.799567872185
3057,62839467.90681499
3058,239827579.38738003
3059,784975.2039612992
3060,85650359.70305288
3061,53097302.42166818
3062,97137448.1794908
3063,49099697.773277976
3064,30794977.369101398
3065,23317156.01578245
3066,66544734.77230477
3067,989372.959035527
3068,53161958.7488924
3069,196900178.70412046
3070,699850.0134680264
3071,5023617.363278914
3072,426391481.3977806
3073,1249447.2423517907
3074,480840.5076665545
3075,29854428.2806596
3076,156695676.84729305
3077,11372634.939139958
3078,112143157.258342
3079,9644316.493346607
3080,82049103.39071395
3081,16643433.982295347
3082,7156222.399363407
3083,10495145.371564876
3084,1931.7938129253894
3085,2781661.0358004044
3086,70051636.17681627
3087,98987.37008074038
3088,124818.42349251093
3089,56192.63280459237
3090,29184265.21648944
3091,13332393.441111607
3092,5583726.981667853
3093,145435603.50022653
3094,97002283.01704203
3095,40194532.596339084
3096,2088620.9580673042
3097,821703681.1632005
3098,9864499.102601694
3099,70615337.31117325
3100,5030740.062534142
3101,13093958.329300458
3102,1250372.1722616395
3103,848490.301191675
3104,1266676.730782444
3105,53213635.73423902
3106,36227236.302110344
3107,55525746.33996389
3108,451200.80330985965
3109,7079142.378133159
3110,415414871.42707455
3111,2004026.8665863627
3112,1405366.8400958457
3113,424407.06858008134
3114,11950129.074781915
3115,20928658.243749965
3116,2975294.9434021423
3117,334757.96452835755
3118,575791.7521148172
3119,222381094.28620398
3120,192720135.8776484
3121,1365445.7659963737
3122,3847766.783033414
3123,7089388.201688756
3124,882386.0129961605
3125,363910.9766258776
3126,6642132.439983556
3127,15003244.915493146
3128,17945430.83155075
3129,212941785.01824963
3130,8781721.219227728
3131,1052746.9846052446
3132,6324785.082785479
3133,646760.4020553651
3134,15559183.660262253
3135,1215276.353568284
3136,1625972.1853088464
3137,49155151.171471514
3138,721624.5221375331
3139,31793689.838014558
3140,77860470.01169907
3141,7320309.105289051
3142,1647448.9475029793
3143,4745262.4678769605
3144,7771952.055391327
3145,56675202.911022365
3146,2475894.9671514328
3147,9066740.049014533
3148,11754946.765511783
3149,45086231.90490533
3150,70621696.10317096
3151,4117310.1396301216
3152,4279737.39468855
3153,798894.4128634164
3154,2827735.2235114817
3155,27315842.077307835
3156,4394919.52350144
3157,21082097.361120187
3158,118153661.04543784
3159,9786852.591806399
3160,12893418.619032897
3161,411185.38926866965
3162,1436685.1763570525
3163,82474734.0634129
3164,1259421.0715559013
3165,90290.33945472381
3166,232027.1963273775
3167,65236814.83420629
3168,714019.7502142034
3169,31132329.172549266
3170,6816487.278674291
3171,2589744.1186952624
3172,30125464.208500974
3173,142318.34362324598
3174,447120.96287369524
3175,34435826.13307957
3176,38700910.83730044
3177,94681541.00280279
3178,835522.2790398404
3179,3383694.3629097454
3180,5218626.103868174
3181,243171.72353748305
3182,123655887.83594356
3183,22679059.533027798
3184,21785046.082597654
3185,33179499.24469762
3186,52902815.55482106
3187,13799551.492993513
3188,5923533.743505802
3189,70196811.02240176
3190,27654953.991766702
3191,2345030.5307072843
3192,1841492.6620430225
3193,201244486.15471047
3194,66718299.47908481
3195,210013.40584524084
3196,9789519.614151265
3197,32860318.565492127
3198,151166819.58602253
3199,279017500.25935346
3200,9715427.805312118
3201,1775236.5696352266
3202,1566.9175662597286
3203,968536.9125589263
3204,3797053.019379591
3205,1666921.980587287
3206,22020829.320320375
3207,24430465.49419699
3208,2455571.605294121
3209,3084973.6662960057
3210,510483069.67494035
3211,462909.1923545546
3212,38494979.9571415
3213,39329540.35017242
3214,4573626.863750053
3215,1115284.9317056627
3216,2455023.8937052097
3217,342670884.25511265
3218,893255.2754054636
3219,300356.73075006215
3220,115201983.32792825
3221,5908177.35994237
3222,808213.6684308383
3223,9346043.77039059
3224,870.408805640231
3225,2232237.4717893624
3226,3038950.772418137
3227,49800270.42599694
3228,151014334.4523922
3229,121588451.35468902
3230,4584570.294702512
3231,42775988.91517395
3232,11217294.89327594
3233,4131401.3660572236
3234,913627.2981430615
3235,15237346.795069415
3236,384934.1550237183
3237,16043323.349931778
3238,389393.1973328347
3239,58446.90345103682
3240,363992660.1442153
3241,1257037.2843827035
3242,3013286.971087787
3243,4195371.002188736
3244,733373.4996640438
3245,790368.4207039734
3246,13790988.618565833
3247,16998318.10825638
3248,60847100.439578414
3249,22599653.57814055
3250,315790838.3210535
3251,772934.0419933655
3252,20365464.227535456
3253,54596330.21605215
3254,1695362.157634523
3255,92319.55438634996
3256,27066665.74079366
3257,7934731.780658657
3258,24851596.4507277
3259,13261277.23057261
3260,436979.80871797464
3261,435845491.1180341
3262,25772033.733540107
3263,235760.19038495855
3264,754602.1531336275
3265,74042.28945875594
3266,191299.64299622155
3267,17221745.950892165
3268,64821.24257683093
3269,35756939.27048934
3270,56065466.6452185
3271,2494428.233334782
3272,9296336.065868787
3273,4203182.550088207
3274,354178971.2721529
3275,10376760.021320164
3276,1231292.6905567846
3277,4552390.42770212
3278,53663060.38758521
3279,18491364.404761445
3280,248544629.35795224
3281,149904.70149097964
3282,2531772.895579959
3283,373183946.9769795
3284,13702515.35815454
3285,29797572.39914308
3286,366762.4817974165
3287,8723244.274155853
3288,5409490.440337345
3289,19400145.227168664
3290,53341200.564860225
3291,4204861.338617421
3292,330964666.4074417
3293,37935548.70807726
3294,3464995.083727174
3295,4122394.4540427583
3296,105906.71476992256
3297,834961.0275773489
3298,23106453.811172925
3299,1984362.145191937
3300,26076736.247278996
3301,230069.47165576345
3302,6304712.901533276
3303,9175924.055478597
3304,4533722.983792309
3305,47223658.57665962
3306,280179.1669329121
3307,39525464.78029867
3308,8255358.422849234
3309,1390679.314222135
3310,2242003.567209966
3311,1263933.9837468755
3312,4580164.769910426
3313,37612448.040891625
3314,17873165.5223434
3315,72982238.69673885
3316,9576187.428894881
3317,436113.8127856634
3318,74344.96691641129
3319,2787816.07221988
3320,11395329.912542537
3321,4400699.13044232
3322,8772931.041017136
3323,99261288.21873504
3324,3764414.6255855667
3325,40669364.37699889
3326,211128614.87597406
3327,54992082.2572128
3328,19452150.58070078
3329,4085919.6226755395
3330,146226185.91072834
3331,2472232.051814777
3332,37193631.69557682
3333,123547722.97744018
3334,666349.8694903145
3335,36962933.87355848
3336,1282274.8337776
3337,88108.66251151795
3338,19756698.503823113
3339,1252687.2627442775
3340,79996271.11725067
3341,5509970.177319499
3342,45176242.0995694
3343,31661750.74387413
3344,476643.36801393
3345,1923666.2417359408
3346,13915926.367036948
3347,116452.83629210539
3348,18719721.58199777
3349,50349188.85803672
3350,249213555.8860099
3351,12793712.051557852
3352,1368073.2457043615
3353,78478140.68731123
3354,719883.9747053148
3355,2208740.4575895905
3356,2048934.4677472457
3357,1376184.2965296647
3358,14305559.416096183
3359,6018948.532934348
3360,7431730.618323552
3361,79106273.69834204
3362,7311946.548136088
3363,1700885.0083409806
3364,12244206.574439296
3365,98051.84068348834
3366,80988340.51633945
3367,134276962.86673427
3368,1237775.8624682517
3369,34969868.58982035
3370,55565939.068402536
3371,26527299.39280873
3372,11238484.860940663
3373,77713749.26815945
3374,7641940.98130346
3375,54207328.14818725
3376,7561997.960187785
3377,6118002.7660257025
3378,5135428.9241445
3379,150984163.72891152
3380,15569734.966315862
3381,22432392.155810438
3382,293927.9528140693
3383,3306592.2135011354
3384,28124873.808302574
3385,86626566.57075709
3386,1883904.099517166
3387,7018992.162409093
3388,58823339.634640224
3389,860483930.3011034
3390,5885923.779030762
3391,5322353.936167693
3392,7769664.471152221
3393,3325815.403883299
3394,66389778.41462267
3395,123270921.82810563
3396,3813332.886123005
3397,60058.62513005934
3398,266802965.78824338
3399,77353501.06413515
3400,15638378.940983191
3401,619357.0508922684
3402,424119.862433931
3403,50341902.87407188
3404,15373077.509835504
3405,13230473.969212571
3406,182346130.40784982
3407,187848080.32074988
3408,15069180.068403833
3409,3060468.905107459
3410,48417874.31066013
3411,46969748.23388403
3412,9769947.019058373
3413,21885935.95842321
3414,638117.5498465737
3415,11925239.36999989
3416,25472859.481224805
3417,63517294.46203215
3418,45075800.468957305
3419,342863151.65558773
3420,505505.34446452936
3421,1792823.8105433185
3422,2923038.617247567
3423,397146811.2339848
3424,222729.80468363693
3425,619418.6225058081
3426,13325090.2159983
3427,13247298.203146454
3428,1111907.9783149958
3429,15348246.659020744
3430,444575457.97817963
3431,1061567.6168793333
3432,3250446.364531493
3433,1459728.943946648
3434,6979773.894759953
3435,407778655.0484746
3436,114160369.5605598
3437,1820505.1631415053
3438,15751944.797083542
3439,15905437.292278595
3440,43379948.18088679
3441,76570883.53746895
3442,1037194.0489517249
3443,1329699.461739113
3444,595763.7586002066
3445,42996968.8496094
3446,94047.71252427607
3447,7364888.485692741
3448,25420663.991315205
3449,8841450.083163425
3450,45667767.207108684
3451,28663771.891419724
3452,41463377.409040995
3453,9649345.411544312
3454,23800779.160815418
3455,8013672.368033172
3456,89211831.93566278
3457,5869057.668990433
3458,16727342.833017161
3459,570230212.1509792
3460,8666164.346654575
3461,7271389.068218004
3462,3775974.1857493846
3463,25903794.406457413
3464,538258.521945293
3465,18014951.05711637
3466,22179566.436064202
3467,5532443.224541612
3468,44325154.078658536
3469,1120655.5913217082
3470,264278.9785110885
3471,40576813.456201725
3472,244893.2161817889
3473,11820371.192763427
3474,28636002.583275937
3475,199130210.9205005
3476,3967884.4105054704
3477,12894784.040334314
3478,4114925.622114816
3479,274605159.84321177
3480,4429397.396536664
3481,1498398.8422431527
3482,2072147.6674977643
3483,2150608.8384467745
3484,3257884.2843799707
3485,74201745.22575176
3486,90043255.26942399
3487,69122098.60717735
3488,41519451.1903281
3489,4900003.761727658
3490,32255485.541905846
3491,23340067.748649668
3492,4737164.075327033
3493,9435094.61133994
3494,649264.1490233967
3495,72496640.87148213
3496,7379597.585848896
3497,37931204.54912857
3498,11676329.617012583
3499,17549924.13256849
3500,332197.652558324
3501,55853739.238070995
3502,33080024.86574962
3503,20318879.13266002
3504,68370614.10702866
3505,2756912.706599165
3506,62753495.55001592
3507,246862734.77986538
3508,7761179.306879862
3509,5903675.342978186
3510,6100703.94256901
3511,16083517.353109019
3512,182097648.8636941
3513,19108629.38741882
3514,10451827.311231436
3515,643822.7838256583
3516,8837086.243343245
3517,556529830.868191
3518,25667616.228389625
3519,14628141.577206407
3520,2246633.473348878
3521,390707.77737488213
3522,4475199.665148384
3523,26965323.79335208
3524,50908683.06461037
3525,82377734.48165415
3526,15988070.339389693
3527,22960895.82456659
3528,4365425.913627356
3529,460835557.06437135
3530,14117850.999392806
3531,49201309.311205655
3532,42271471.1029485
3533,21639269.833479885
3534,17505814.385318402
3535,131579878.10021068
3536,1331178.4025330788
3537,62553985.351658724
3538,55919796.38502509
3539,42589004.54443184
3540,10551161.537732152
3541,11533822.838607922
3542,26121748.24680633
3543,123650.01931554674
3544,25731381.823664192
3545,135194.75290640738
3546,558073.8362674285
3547,103789047.90856747
3548,294585225.96434397
3549,1034044.7845298629
3550,210545135.41400677
3551,93941318.22975606
3552,23836646.460566856
3553,17565854.194374893
3554,148269583.08153915
3555,175922664.1019624
3556,5597821.096953518
3557,7789674.239684699
3558,190832185.6058147
3559,4803662.959337892
3560,3580612.4746232303
3561,75542870.76688647
3562,3316883.522454639
3563,7138038.206271216
3564,1130577.3053722193
3565,5001764.438233248
3566,38006585.33144391
3567,4643184.778607984
3568,3285873.781949107
3569,100998158.12900808
3570,1426677.824848307
3571,34354917.574636735
3572,129395227.55943362
3573,4233899.570051879
3574,17005341.837610256
3575,1192253.0428822709
3576,20055403.408629905
3577,12679727.556200448
3578,36905970.680779204
3579,23988132.980587173
3580,22631986.572381888
3581,9256635.421928015
3582,73531834.63682391
3583,184623.42089382588
3584,27789390.416385897
3585,26329124.126773782
3586,17006084.747538246
3587,4354211.865257889
3588,1062542.8268381655
3589,26386192.37558372
3590,35464349.185224965
3591,416445268.1774239
3592,1613078.3436730194
3593,465260.14953729045
3594,17392.62277290388
3595,3145974.9754895475
3596,7494593.590858746
3597,5122349.368926481
3598,32935495.347433105
3599,9754251.734476443
3600,948485.9331401896
3601,282574.0686031191
3602,130929.52611049985
3603,5668854.325518228
3604,3569603.460372063
3605,48936613.90988339
3606,651766.8249873996
3607,41062501.767370954
3608,91264441.23776181
3609,837379.3054227335
3610,21938714.326289237
3611,204853.05749350536
3612,2344894.2460992197
3613,5572642.208533685
3614,98445320.44129014
3615,43322824.753965475
3616,9351936.56156941
3617,6607180.30190097
3618,84462410.0197443
3619,2505.187381689872
3620,17936018.69021837
3621,225161629.61286938
3622,108952835.94029896
3623,70476776.53763612
3624,265408.5419195987
3625,901341.8724189533
3626,25493386.023020513
3627,22659611.041217852
3628,381769940.1808801
3629,1424894.4774119083
3630,91197.32607543701
3631,67756509.18124586
3632,5146660.496674817
3633,67651302.52985172
3634,1090238.1257721854
3635,401787.63311525976
3636,19111337.085243706
3637,1536674.7772819449
3638,9267999.768074227
3639,78887848.1603969
3640,268682655.96523064
3641,3308876.5820625164
3642,11857109.317905366
3643,3796768.397395288
3644,3484423.1919574146
3645,13757152.778537583
3646,4522164.560317726
3647,12188202.231944645
3648,1612160.6068172518
3649,9587974.694665212
3650,7745733.862908825
3651,409678581.3167888
3652,10755817.281863343
3653,210132993.98603198
3654,34965512.35352828
3655,4048576.851561607
3656,61138638.28054575
3657,79283.50700061559
3658,2928024.6829716032
3659,105043732.24378385
3660,161146450.80766863
3661,5593087.996478357
3662,24274335.486983344
3663,384648393.11263156
3664,655556.3922714426
3665,537282.7191501206
3666,12289704.9873231
3667,140303018.25225198
3668,22015480.42311385
3669,3433472.142510735
3670,25031707.11534522
3671,8859860.302993737
3672,6098993.092084957
3673,147746717.77715605
3674,8958400.84458141
3675,264709528.29434967
3676,114804590.7488053
3677,1066314.1926190362
3678,1353001.7423273954
3679,18113345.9235239
3680,2888282.635659585
3681,4483226.204039507
3682,124693254.12184235
3683,2462411.894540248
3684,64548482.09333708
3685,108257727.73059718
3686,1721378.9578239508
3687,113677863.81937255
3688,1297719.908019573
3689,939158.627230146
3690,57706056.51719663
3691,389960.9129470764
3692,166062.07029431438
3693,97321312.14563757
3694,78554852.14740367
3695,80735404.32426292
3696,33110868.7213733
3697,17439809.48696998
3698,46095962.62479478
3699,7188752.180577505
3700,791769.4312046948
3701,27598270.74402428
3702,69623.35942657081
3703,66619042.88163418
3704,42440902.98888335
3705,7188822.211761841
3706,51512000.30052958
3707,479036.2505685605
3708,1443559.4078767796
3709,235474151.7890657
3710,40973444.10021656
3711,2049900.5067630424
3712,32992196.979379807
3713,5332438.012544846
3714,236647.53417688928
3715,10211479.675306072
3716,908727.2128774854
3717,204246.2086958507
3718,3355067.172767797
3719,28592914.956880268
3720,7353663.358075315
3721,67237.24903020733
3722,15831299.403083459
3723,597480.630528027
3724,3622918.2742562173
3725,26408384.91302702
3726,4317341.2018066505
3727,42035803.47903002
3728,147053409.50357205
3729,3052092.6351795234
3730,68163826.35060221
3731,109602801.5636644
3732,300921.0400814865
3733,203239729.6349406
3734,291516657.49561626
3735,20081317.36325869
3736,5488655.9376720395
3737,13736073.482944647
3738,206314.144951085
3739,3894600.314059947
3740,2001018.5035904122
3741,8092747.699909974
3742,69752255.88331075
3743,25939620.3462737
3744,133121860.25396052
3745,20122936.785591573
3746,168610163.97403464
3747,23998.257955334822
3748,574537.7012969934
3749,4522113.501142955
3750,1552936.6837295797
3751,5065705.43382143
3752,919085.4118110421
3753,4423212.004241848
3754,26841271.01442485
3755,64229836.835434176
3756,12158575.289868344
3757,375788052.8568922
3758,98820780.20774615
3759,1784792.5722396532
3760,150222622.46062195
3761,14236553.002098609
3762,296859441.6699269
3763,15045964.487438178
3764,14620039.295070743
3765,5600572.994091644
3766,368231.19936948264
3767,17368255.343544412
3768,3305676.1581200426
3769,1074670.089835523
3770,2444309.3285055417
3771,25999085.21082358
3772,10240115.939954374
3773,6284332.685029693
3774,15188577.835646925
3775,134317429.820873
3776,51287193.60882953
3777,1111831.569892688
3778,75238.86038140349
3779,20397515.725971498
3780,387431.77469968895
3781,25115852.510490015
3782,262532.0181893813
3783,20383495.339212257
3784,2446999.1089366004
3785,376262272.8792084
3786,5159365.500730838
3787,183014234.67293388
3788,456936923.7375749
3789,11041904.215104414
3790,391417.371063574
3791,12625788.257330948
3792,91853.76825186572
3793,1396.5859912549859
3794,1653287.9158279914
3795,347182046.6021587
3796,3140732.812153916
3797,6170304.611142423
3798,32722036.279767256
3799,4278230.363932251
3800,426204.5186454771
3801,86630530.45239387
3802,859142.5039899345
3803,4979738.178258686
3804,221851.81120870943
3805,72689.17874888287
3806,45296338.91174143
3807,1567514.343369048
3808,244302.5685088271
3809,20244423.896209314
3810,825210.7919885237
3811,10910875.017314931
3812,1458040.5108284904
3813,103944.81142272253
3814,1021237.8917132679
3815,48077879.969609305
3816,115419893.68910028
3817,81405962.21386628
3818,41697987.07477991
3819,18141693.83209613
3820,63303142.84422527
3821,4992254.593184568
3822,3457876.526630229
3823,5672471.601052386
3824,555707.5490773297
3825,8144122.371371158
3826,50740696.003554605
3827,42014940.07341757
3828,1116380.0844793266
3829,45528.84297941934
3830,32226783.78647649
3831,632.3155091359827
3832,17020950.593869872
3833,18326210.439604316
3834,12249334.53252624
3835,3451082.4440896767
3836,1326285.6932125012
3837,24795602.753814086
3838,2670467.40994341
3839,961200.8232147631
3840,23710365.632658873
3841,2714794.2034340873
3842,2906183.6455180948
3843,7987637.534766938
3844,653678.3120934336
3845,34534.12956619363
3846,446504.038869524
3847,268816.3558022351
3848,886709.8393258435
3849,69199267.00119637
3850,4511745.188416118
3851,31055867.359110624
3852,704901.6543938214
3853,95784377.49492894
3854,117923.45901833956
3855,202131.00476666272
3856,19320617.9893841
3857,441581174.30772084
3858,193304.60972711223
3859,24698501.703723315
3860,23855433.089786675
3861,29034831.886244044
3862,8088002.126505434
3863,41127807.97977576
3864,28458319.01060672
3865,95685512.07456091
3866,4598897.14020849
3867,50063315.7806618
3868,6280293.107568837
3869,68358199.67676747
3870,61924540.09093685
3871,491472384.6369048
3872,13236080.35449707
3873,19639691.008972682
3874,944384.9751078017
3875,31867797.93905449
3876,574789.5049840952
3877,35482384.18070358
3878,95753918.50718181
3879,366378717.68720067
3880,6402274.400749949
3881,31348.342606425056
3882,5142.81996519359
3883,466472.63948969863
3884,73670926.82588759
3885,2743231.936110552
3886,27541376.965878904
3887,14295039.805067174
3888,1731331.1674108237
3889,87797450.48430839
3890,124447035.0279839
3891,2819462.344132975
3892,3078050.2158576874
3893,489181513.4542698
3894,55091374.19661055
3895,29291944.690804772
3896,28174515.888814073
3897,4909154.692291487
3898,12994020.241226783
3899,450509166.19144666
3900,5669113.900738499
3901,810950.0023967482
3902,238908.43345741293
3903,744927.889417973
3904,6775283.158890304
3905,5452339.395949449
3906,73119983.14969021
3907,3982263.995464259
3908,15080186.50925179
3909,401713.2613013085
3910,17502456.26971414
3911,2485028.0431099986
3912,2263183.113228523
3913,84918730.40613635
3914,22316248.043134768
3915,274388978.80587727
3916,190558.10835545923
3917,5905701.954582158
3918,1130459.9172831874
3919,34262589.236151
3920,19922176.34203707
3921,372599.9736447158
3922,11060307.653325884
3923,51953393.062662065
3924,20805843.303242214
3925,250797675.08759654
3926,4140482.5732249557
3927,57302688.61895189
3928,97372130.9383571
3929,49324865.79561747
3930,531139.2531463618
3931,1235524.7663639428
3932,7656165.483536892
3933,12490301.724297153
3934,44618802.8807176
3935,2071.6644809799895
3936,4402.583890038194
3937,130020559.42720051
3938,1419316.421180579
3939,49476402.41462863
3940,612801.4995093655
3941,26913661.96195408
3942,262166053.29944938
3943,681755222.7633604
3944,8761204.129618328
3945,34663161.60507844
3946,1741372.486896374
3947,44291233.18006082
3948,3155516.985665104
3949,3009268.6260713325
3950,573934.29506597
3951,8272673.219554646
3952,41855346.22689538
3953,37240378.47890428
3954,401520339.0011287
3955,7349552.71013839
3956,53746660.77210544
3957,5554866.136931488
3958,2022149.6745978137
3959,4595745.646527102
3960,2221908.9549214765
3961,30913739.666629594
3962,1941177.9126326237
3963,10289351.176288422
3964,771786481.6004435
3965,64454754.81216834
3966,2777527.455862408
3967,332436172.2053436
3968,27950663.291517764
3969,4979391.583512966
3970,11507471.340278365
3971,7087840.15585227
3972,32322207.70348098
3973,18726018.912246715
3974,157772.2080114894
3975,139610938.39922377
3976,68492785.08427225
3977,82996595.54115583
3978,175560623.35375363
3979,3570282.47748829
3980,803402.4544470687
3981,115979.18211715769
3982,3111271.226074009
3983,8718599.175587624
3984,68062510.6469926
3985,1056446.9043627637
3986,794948725.341059
3987,23676396.86312987
3988,3104568.942751451
3989,15110725.299162013
3990,8877502.539243272
3991,153484.639725463
3992,407087.03846534813
3993,7119771.92328177
3994,45771757.8597808
3995,20613582.13073803
3996,70590814.66066346
3997,2852762.5323857805
3998,108440694.12854256
3999,5996693.094571813
4000,23475414.75345572
4001,1801870.8543983763
4002,172641373.625593
4003,134153.260424658
4004,43630713.714977
4005,218402.03207368415
4006,19410911.17215819
4007,741826.3440628109
4008,3108977.0489243013
4009,3557439.5740710828
4010,2225848.899622084
4011,9963922.520156618
4012,142325658.56697038
4013,43274543.453941196
4014,148496.86577972132
4015,63106272.57399388
4016,13206580.01278533
4017,9485487.711667828
4018,45384773.109904274
4019,153101704.52842873
4020,4167040.5227224054
4021,94607966.32143006
4022,17831438.472858842
4023,178877518.0910362
4024,41174375.058168605
4025,206939.0702028606
4026,65426871.67628538
4027,37712808.72281901
4028,1193372.9399067145
4029,79215.40136018927
4030,21699720.39974949
4031,73781055.0924224
4032,71765.54147069764
4033,206634.94111293778
4034,1795412.550257283
4035,81105826.38877888
4036,1030946.7269901634
4037,38818103.988924645
4038,4951107.828656625
4039,9955620.293948332
4040,4662303.627651397
4041,2477953.765589969
4042,37322016.63030249
4043,837869.4293483287
4044,75550170.98629737
4045,17304132.19332126
4046,4443311.942920369
4047,500850222.46424574
4048,5672247.835708051
4049,655.5627333747904
4050,1446059.489534347
4051,480178989.4224604
4052,977710.8126344644
4053,545548.4821280107
4054,637880.1757415461
4055,7299592.37142629
4056,1849960.2302766622
4057,55397.23389207584
4058,5393134.303931263
4059,1223363.9308514285
4060,42658408.83761526
4061,95429624.85735726
4062,25038571.346829977
4063,7814277.490096064
4064,396135027.72502106
4065,78346064.77198073
4066,3843275.6041876944
4067,28713914.67360208
4068,3967639.6399188475
4069,18261996.342894096
4070,21198383.23572534
4071,18636582.95312036
4072,7904699.119861307
4073,176806633.51630288
4074,130164.06773166724
4075,20567929.707764626
4076,19625455.445300806
4077,210884166.49058166
4078,2291902.585434396
4079,78203227.64508799
4080,2025988.5887660973
4081,6453175.758585333
4082,138199999.05887222
4083,39186565.41150057
4084,127514.15676666389
4085,7122458.760849662
4086,94237467.45083025
4087,5379083.804759193
4088,31688612.36624631
4089,18303145.275808133
4090,990038.8431170795
4091,25566690.256979052
4092,29236715.100479383
4093,19859702.755499996
4094,6460800.3977442905
4095,162846908.50880694
4096,11959079.37706347
4097,63110120.67474429
4098,8307974.468697312
4099,1649319.0223536897
4100,31794340.440682396
4101,52930551.53656483
4102,1044069.7669259014
4103,15476781.599969104
4104,4323046.115093765
4105,378771.4032282561
4106,2563871.9347728845
4107,387316.7510718722
4108,16801335.060449928
4109,222450.23385361687
4110,17702479.264316138
4111,3483270.508705329
4112,4378058.624980847
4113,3155810.162871108
4114,71558386.8999297
4115,1779742.1625709562
4116,13981898.877640534
4117,5000193.557854585
4118,21689919.080818377
4119,22925549.152846128
4120,1221053.5419989896
4121,1144326.5299709525
4122,129971948.64687142
4123,2734819.6379269203
4124,44299139.754988484
4125,8662662.766296439
4126,1402782.393167582
4127,3461694.0824285387
4128,14959936.334615465
4129,1048007.591523683
4130,3302834.215697688
4131,94775532.91839378
4132,82683998.3173848
4133,38724024.10828381
4134,9022988.458282497
4135,17672692.610165384
4136,389371995.00723886
4137,2371590.9820451126
4138,7693741.438163471
4139,7580904.876019344
4140,814330.0282375589
4141,4090593.9516277276
4142,39394394.720514536
4143,59060543.548562326
4144,1314510.21060792
4145,2203625.6008325517
4146,895841.9155740102
4147,113968.2970497182
4148,5197268.669734026
4149,5245467.752607466
4150,726942.4485561082
4151,1029310.1565816692
4152,30992065.076694433
4153,8628829.417859515
4154,750408.8885685431
4155,10388788.056429274
4156,2403527.6694958517
4157,1455940.5633720236
4158,10492141.41221098
4159,25212733.99902818
4160,275911568.07609856
4161,10153490.69484386
4162,10860483.803520638
4163,123551336.77130373
4164,3469118.6812091894
4165,2751945.2127110083
4166,14336142.862238614
4167,12327071.134334395
4168,1201376.4519343746
4169,1283164.0125077553
4170,5046852.531121557
4171,88935346.08627377
4172,62758541.84178775
4173,1386669.7979225512
4174,2878119.239379299
4175,1537323.863629775
4176,20074245.278635442
4177,64187.165626622336
4178,395710781.59920865
4179,1700445.6968408679
4180,96125528.41764934
4181,19947489.717661474
4182,2700773.803435693
4183,42768998.46005381
4184,15399270.416280227
4185,2230075.5725021837
4186,31550313.97737133
4187,10397007.65312505
4188,10373869.577940322
4189,493063.45403189585
4190,45296.83141013224
4191,707814.0361447076
4192,40185.94992941412
4193,187209010.55481896
4194,73619700.17908482
4195,10607248.089609666
4196,3819836.6214842205
4197,7060072.72214125
4198,244931.70948151007
4199,7123597.936799323
4200,61578305.34002346
4201,16860932.836565536
4202,25091213.592773855
4203,8668759.40978541
4204,9691006.293551134
4205,2607208.8402987076
4206,7581202.063209815
4207,370946433.08847284
4208,492156182.4038906
4209,7968041.876388503
4210,89879629.91007276
4211,35754348.57317982
4212,273519627.8835294
4213,1243594.8840517798
4214,18203511.6118793
4215,1749829.6289477323
4216,2270263.8450531177
4217,2308863.333378031
4218,31252783.974912167
4219,19940655.313907847
4220,8784016.077283569
4221,142469.35127078719
4222,1009.406379611717
4223,4180291.5015345956
4224,3294698.993858192
4225,28183998.864014342
4226,15706462.01822241
4227,25556729.987136252
4228,64486.22449040807
4229,72360661.96003859
4230,19579840.334964283
4231,1743427.2438461948
4232,6442757.531748651
4233,54504751.20183723
4234,12480621.307413548
4235,3100424.5167703084
4236,3242624.849005844
4237,2828719.8141977675
4238,35245128.77568984
4239,133058576.69249243
4240,204406241.57700866
4241,169471440.7616489
4242,6797939.062878008
4243,1176287.1999334309
4244,49966826.357681856
4245,1365867.8392712944
4246,1439527.268596378
4247,25436074.88993828
4248,3319786.9821053375
4249,17300437.098829098
4250,17423710.684366412
4251,120211.30275953632
4252,77711642.97210075
4253,56276965.01743348
4254,45394863.95698778
4255,24704029.236065984
4256,268500564.6559948
4257,100150928.23105992
4258,16721184.979560269
4259,764597.5203519218
4260,161597533.00747135
4261,3307928.982449322
4262,267637.09959751257
4263,855475.5971568904
4264,380093388.06917024
4265,28459632.93448533
4266,28565490.158597857
4267,3745422.4434296875
4268,1550788.517605177
4269,3686916.6157621522
4270,383251226.8303766
4271,30054610.702044256
4272,80819.11840051536
4273,30970842.289504904
4274,33761106.80707629
4275,6953051.37542807
4276,15820904.97099296
4277,46353234.92203436
4278,13927207.593697604
4279,16106679.968492439
4280,677144.3566152194
4281,2259732.6641669967
4282,40843824.04977768
4283,100326.13470138871
4284,4443675.595500189
4285,71371.29417320102
4286,14915865.245517638
4287,19225503.804587565
4288,41203565.29553193
4289,47885179.3158551
4290,26954767.591523014
4291,7001370.899200223
4292,2048574.9203960628
4293,2329650.1657237
4294,100770421.23278892
4295,115742230.77088788
4296,8446742.510562025
4297,24623153.253551867
4298,872208.4359802194
4299,9290256.311615072
4300,29160901.200269513
4301,2272199.325323137
4302,4834203.8065816425
4303,5955471.237665313
4304,12700651.731019378
4305,8940132.189292148
4306,12908255.468891416
4307,53239.49431042281
4308,166213.00355349563
4309,19457315.274021067
4310,2439869.6756985546
4311,1262902.427364396
4312,49975907.51316089
4313,95386192.37312484
4314,8050997.831241835
4315,219126736.40835372
4316,244035369.27779114
4317,929458.6702788651
4318,31246059.538515013
4319,150509.93095941734
4320,3629612.6825005086
4321,63873760.901769035
4322,416336.5778911974
4323,5510071.317473178
4324,16772079.607137553
4325,1638006.1131778613
4326,22203121.00577265
4327,32259343.944377262
4328,2052680.5520240983
4329,70272.52188981496
4330,468438815.6774343
4331,33565163.18909201
4332,54388100.77993966
4333,2623484.788635364
4334,53189284.52214533
4335,54731515.077469155
4336,23624132.473070737
4337,125256.21371587153
4338,179169753.064751
4339,62109176.398884036
4340,2074298.4479629137
4341,9320084.649100877
4342,1386630.2545569206
4343,41153242.049658224
4344,649475.9030919005
4345,2816639.137258592
4346,60513227.620703556
4347,90790801.53805993
4348,417816.5803574024
4349,133536143.69340195
4350,4093883.913238555
4351,92135723.5934541
4352,1650677.7793297293
4353,77177156.29683386
4354,21818670.805981386
4355,5512679.5085904645
4356,4618171.719658443
4357,15476895.672212165
4358,885604.4540820658
4359,9596565.063070899
4360,52583158.97757628
4361,42805837.68999022
4362,3018157.882760971
4363,72670450.26161337
4364,36921782.330041274
4365,2071051.6704527324
4366,7448142.5021518525
4367,30725739.51185777
4368,65450196.699657276
4369,20397382.028859477
4370,94596469.84822233
4371,5823132.47183228
4372,11644754.502232233
4373,26063926.313301872
4374,29669060.765091
4375,2478314.3277935972
4376,85887.68967960458
4377,11252370.910157604
4378,19989552.400143564
4379,94345538.04933608
4380,42031319.93876477
4381,75847670.80414958
4382,385877955.83552617
4383,173541337.84488347
4384,33616754.92013036
4385,372404.24612265336
4386,43510242.38080523
4387,15869073.058899038
4388,10818209.663979653
4389,218485538.27580932
4390,897789.4951517136
4391,224538.6327445493
4392,78321356.40331931
4393,18864088.641092885
4394,22852631.711299572
4395,16481489.427293101
4396,60332223.68870489
4397,22711073.43668999
4398,112172203.82564412
4399,99303.87064688382
4400,6383181.641708546
4401,13446929.322994974
4402,2393565.835412053
4403,14592146.896935835
4404,45160550.96455629
4405,7120070.898983448
4406,677414.8828816501
4407,295606.9830507478
4408,598077.172094726
4409,477940.6188327731
4410,2468111.49177939
4411,8099303.388513837
4412,45743302.41141786
4413,52431046.13397127
4414,870797.0112224825
4415,54964264.585499026
4416,331743.04260554304
4417,176571220.24728343
4418,881072.4975228815
4419,23839722.977546304
4420,372291360.5741398
4421,580223.4149869939
4422,1183020.3048910145
4423,2419428.891003573
4424,906.7205626111588
4425,6528144.56945778
4426,356468002.4585215
4427,40401933.8880979
4428,551080.9354931506
4429,1189584.1356816427
4430,141381.07172288097
4431,109395.6984393827
4432,120530467.567799
4433,245057618.0081729
4434,346129446.01831996
4435,19756838.21167321
4436,27161503.22309907
4437,1038744.7643919834
4438,630762.7274109141
4439,8149632.033748147
4440,311188.58346076397
4441,31401024.06923658
4442,382971.44272403145
4443,175419.84884175408
4444,1002498.4589156169
4445,8308300.860375226
4446,371753.5415085236
4447,119354844.73915747
4448,86604045.73037887
4449,3625901.7361383582
4450,114999219.11777404
4451,372491424.11013746
4452,18086495.404004898
4453,1078737.1851130447
4454,506550.71794783603
4455,1274739.171209257
4456,61429886.066424444
4457,620228.7786345286
4458,197182.5289689875
4459,49802229.88170352
4460,1855778.2355224104
4461,1623321.3747841117
4462,18684574.357611094
4463,896330.5698671862
4464,59065010.329300456
4465,7253363.902531501
4466,665548.7711175107
4467,16495529.495567173
4468,1274761.927905321
4469,9029459.363838535
4470,29358516.875361785
4471,477933.8498951084
4472,109552932.49477473
4473,35305749.175419986
4474,13045683.367298193
4475,1418940.3397384498
4476,26096.600504856146
4477,21290204.922642253
4478,514568.7220944022
4479,1245904.1204328358
4480,50982680.45684706
4481,4410691.265840533
4482,5576981.142057123
4483,1161417.4742287255
4484,1127072.8544066048
4485,32349907.2356511
4486,2041929.9561304776
4487,8434800.584495014
4488,55120375.49190326
4489,14540217.244644582
4490,222165.95649792353
4491,122271752.96418445
4492,6477825.225185114
4493,2500007.930217608
4494,13845292.502954392
4495,330955.36219761585
4496,58446771.71166531
4497,13415671.912138326
4498,7038232.715833548
4499,271777.39803692506
4500,81055830.28920782
4501,94216658.09768674
4502,997466.1480049513
4503,300224243.5214612
4504,3430740.3117812416
4505,912042.4120450875
4506,54145037.42489525
4507,215476.5289043032
4508,244366.42263595646
4509,1490198.0351604184
4510,7601823.7907873085
4511,130447261.04163565
4512,324138.8406704651
4513,53393012.55215895
4514,3969452.0474107247
4515,193073935.41937816
4516,3754381.484252129
4517,4464041.555846103
4518,157139466.74359003
4519,53095926.60532851
4520,6448464.872640998
4521,11680536.080524053
4522,40008719.20446715
4523,6640065.491639004
4524,2452432.0843842486
4525,11662776.304186352
4526,4549833.255191419
4527,17994512.033364955
4528,1190256.7566481894
4529,1438774.583438946
4530,4532580.398202821
4531,3146494.2688989067
4532,7907355.002865594
4533,36696664.93642337
4534,748182.4984640626
4535,80781326.13063638
4536,5911840.679455809
4537,647272.9771938658
4538,8379793.461443165
4539,651187.258489801
4540,100108116.28170986
4541,10393843.555009536
4542,44736433.763038635
4543,34344829.648386
4544,3353184.188194422
4545,363883.16668281157
4546,228041.9181901026
4547,397231.77514078043
4548,2627527.2321030097
4549,1124292.2189816802
4550,14361248.432149043
4551,814635387.7249991
4552,53781246.107917055
4553,3718353.318924889
4554,331812184.69327646
4555,4670.812490105538
4556,2146090.1743933493
4557,13341395.352919674
4558,1987243.161250916
4559,6145169.742876969
4560,77696410.22248647
4561,15232148.797079222
4562,335365.2703559614
4563,135848003.7217287
4564,37643.43577961792
4565,252020.83462017137
4566,21645287.60075551
4567,32390523.09397164
4568,6208445.729223847
4569,4692420.913833823
4570,2508191.794257889
4571,529323.173841229
4572,31571448.79079598
4573,18273352.73705201
4574,158536.65641383932
4575,1743288.3252384518
4576,2957384.552288595
4577,3491399.303663315
4578,15288209.177081088
4579,7567237.063450901
4580,43534831.983764224
4581,4980404.104655359
4582,77294884.19378777
4583,128951800.54656346
4584,5315142.7860400155
4585,97296326.60762371
4586,2396304.941899953
4587,1909680.884560767
4588,185835526.50932258
4589,3005569.0112595554
4590,860610021.7620388
4591,47816721.217123345
4592,1368253.669264614
4593,115659.34207792059
4594,19741158.709096923
4595,313958741.50197864
4596,377587744.61001563
4597,8084054.416066094
4598,98193597.75374955
4599,9551249.563205423
4600,1472289.7489299814
4601,32206175.78892398
4602,21280741.888340086
4603,13618740.828961508
4604,13533412.50551
4605,201359308.7358776
4606,153244357.33432
4607,36082526.92133644
4608,5984573.050877105
4609,21332294.45906426
4610,133034852.68420877
4611,14370745.86839175
4612,8562101.20122327
4613,14182287.944784878
4614,21149257.231079865
4615,6034328.589594236
4616,121686.00081596912
4617,9929494.973275002
4618,981643.5329005334
4619,7968647.625982815
4620,257900.5563345508
4621,202644620.6196559
4622,10265241.246156424
4623,11019144.268130945
4624,1196.7563476269254
4625,660242.1505953313
4626,5667699.403470206
4627,17812474.575615242
4628,6821379.926291108
4629,1525054.5023963333
4630,5138322.935213554
4631,7831586.543792136
4632,2476870.106588929
4633,309646.29767191183
4634,238481.3518196243
4635,105621.433351964
4636,51981933.66445864
4637,2609037.49185651
4638,1644064.1361377763
4639,76222.43495989271
4640,6408512.41275736
4641,7330731.86910916
4642,2822625.1062207073
4643,33482441.29492856
4644,932836.3814602263
4645,4198.411105191092
4646,27732491.45274136
4647,1411913.5864401285
4648,817906.6143245352
4649,90804050.50798327
4650,68655414.50011146
4651,43084998.938337445
4652,301272467.0499199
4653,225183.6757300178
4654,62765847.007334664
4655,52819077.53079096
4656,10279568.80768062
4657,1196708.0835122536
4658,20228708.00922711
4659,1949617.3778024109
4660,3268248.738402179
4661,21698234.576727126
4662,6002319.049749748
4663,30876816.07832584
4664,5777850.49180571
4665,41123037.45368409
4666,14011361.634748405
4667,184452258.9630668
4668,1037342.4615141267
4669,16598012.073133787
4670,13434071.79704282
4671,7154032.883797307
4672,123578.06880860774
4673,5219662.4914833605
4674,4127687.32037642
4675,3390913.6160052516
4676,4714382.813745689
4677,24807.420028384346
4678,1574623.0635017306
4679,189178.36325669583
4680,608620.212365101
4681,17247283.097126357
4682,3169909.547723187
4683,895338.0252666578
4684,804274.5279682793
4685,27924566.340724435
4686,1684924.5287432803
4687,5537518.468239778
4688,76919444.61622305
4689,6936918.144469046
4690,3964954.5218035257
4691,6616937.388428211
4692,4786690.073345447
4693,1831171.8121692317
4694,7357346.213908939
4695,17079523.802644555
4696,44445803.905776896
4697,80083656.15989776
4698,1481213.148862228
4699,4723421.758912902
4700,121635398.21681738
4701,167171658.01589954
4702,1927691.951202297
4703,11916061.180728007
4704,49371773.716126665
4705,44232276.29252026
4706,29692483.619606424
4707,3597425.1435989714
4708,7721862.566381447
4709,1220.0658973180616
4710,10310934.108105984
4711,4749210.040323537
4712,255441.89669150184
4713,277616474.83779347
4714,4851885.193922789
4715,128796.60145385918
4716,553585.0118849785
4717,8012781.2895452045
4718,1488311.0404366201
4719,76229654.54309863
4720,1481219.4856760122
4721,1591412.4058185155
4722,60573755.31855822
4723,614794.5586470455
4724,105298730.04405192
4725,8435530.182153132
4726,2333049.6656670235
4727,12130886.647269094
4728,10359793.444662923
4729,68386400.62479433
4730,122687.4655089421
4731,37906670.41942384
4732,296669172.52795863
4733,264476.3647577602
4734,226455638.0704797
4735,10424226.011029292
4736,16236838.615149736
4737,37227977.25583021
4738,1300518.5528523277
4739,44413249.24400248
4740,398927801.94813275
4741,988310.9072208421
4742,113614156.72351356
4743,68098.02769928605
4744,192067.07185853375
4745,275545867.9233903
4746,29188850.09612536
4747,21387552.1633326
4748,54769898.86680931
4749,6583844.1149931755
4750,1306996.7434322147
4751,13468610.428817663
4752,4196077.232856985
4753,8641600.58037204
4754,591257740.3881829
4755,7419852.894013737
4756,29989976.957628444
4757,125221307.03089345
4758,75582960.79377896
4759,292828186.4523018
4760,839990.9168746684
4761,4917297.459304965
4762,2065171.6660133572
4763,223255.59133096432
4764,424099023.58014196
4765,18428635.02269917
4766,95353857.04709037
4767,29403583.067584816
4768,35411441.82916174
4769,12708073.538939746
4770,62346444.158131704
4771,46057741.47571869
4772,3480212.0029184534
4773,11728781.97286503
4774,5705884.319885545
4775,643458.6494711314
4776,1370042.6793338882
4777,215806199.36318472
4778,49388905.23102755
4779,1533896.1942321751
4780,132381236.19043712
4781,196548.9329674341
4782,19901184.49073256
4783,2225656.822232547
4784,6605943.641399329
4785,3546938.221209766
4786,57338482.63309497
4787,66462479.94979165
4788,12406536.687983705
4789,2241921.6929644695
4790,37716258.36100008
4791,7499335.214572491
4792,2089040.7997953857
4793,17659260.356855776
4794,2881614.7472927994
4795,6163496.439140968
4796,4036595.271215464
4797,621027790.833525
4798,78140435.98842157
4799,19657713.852428157
4800,23113436.13199187
4801,109737.68494744459
4802,32763188.15481926
4803,715833.3053886525
4804,1074451.763628873
4805,160606.2926549489
4806,1081728.5766371079
4807,952113.634891828
4808,2010553.1202775964
4809,95792984.74971767
4810,146553.82501230124
4811,3493867.441066103
4812,113186620.61222838
4813,72528868.60710743
4814,408842.56377430656
4815,18958150.2033779
4816,14819297.090765161
4817,3122641.6497343425
4818,10378262.035222415
4819,2240518.109151523
4820,40004340.55240948
4821,2256351.369429351
4822,492013.5947816469
4823,2736464.411168145
4824,25953075.598802514
4825,25034038.24777975
4826,23675605.508519538
4827,75655438.6247157
4828,10492040.713659922
4829,18458502.055141885
4830,4725674.233074138
4831,19935393.192930907
4832,4417544.9742381945
4833,4873826.701273596
4834,3238030.631333804
4835,19292842.98006862
4836,3474499.341580079
4837,212420687.80550352
4838,33226286.953729138
4839,873.4735690670461
4840,12141602.330995185
4841,50889.84136932228
4842,18786845.740611617
4843,75978813.15075538
4844,1545997.5513167037
4845,8627007.558189573
4846,2452228.8934828797
4847,359572473.49098593
4848,37995302.73576865
4849,255943784.6925301
4850,33896027.7473671
4851,84826.55583202298
4852,2906627.0315273996
4853,39883689.59490377
4854,27385769.021062717
4855,56795284.0921764
4856,10642339.019251905
4857,10506325.930263491
4858,8671872.029619562
4859,2851649.2723349924
4860,288379589.1251488
4861,97631707.60367855
4862,90811617.02873702
4863,147825012.80180165
4864,54482810.924096294
4865,20513046.48035044
4866,14097437.90755909
4867,90495428.6687435
4868,2006796.053456134
4869,665116.0190296759
4870,8522377.613544328
4871,18867705.56167365
4872,1022896.9487370964
4873,6789099.450069686
4874,69822550.36938332
4875,22597297.509822764
4876,20280077.587651692
4877,28123026.27651625
4878,4080737.0498874113
4879,4105999.419478943
4880,9610747.109174699
4881,1522481.5036163004
4882,9009585.174337484
4883,36046114.35253922
4884,75196695.00352049
4885,20113800.47549071
4886,18525454.772436276
4887,500870.25788051385
4888,1827388.4111354146
4889,1051933.7663542817
4890,102092015.77701773
4891,505788.3676408363
4892,2299847.2386824125
4893,66084667.51543687
4894,1836762.8212655338
4895,1519092.8545945678
4896,17897352.20724839
4897,726122.9441175578
4898,103367193.59284204
4899,34029529.76491417
4900,200206028.41404128
4901,49604775.88410373
4902,1271151.9746894122
4903,554107.7527628882
4904,13338628.760609977
4905,2896461.419087913
4906,71284.84922028522
4907,815403489.5326022
4908,4485271.273730772
4909,82243999.49451253
4910,28497650.684639752
4911,20552268.187416155
4912,38104607.4360525
4913,4513359.053756532
4914,53327251.231388874
4915,56970354.63504018
4916,10849018.09060036
4917,6136760.87934983
4918,137914197.237068
4919,25709715.76891284
4920,14933818.90216262
4921,54266687.249195576
4922,22118547.46308784
4923,545249.495692701
4924,82563473.6165752
4925,85002514.99020015
4926,276313.72156013624
4927,16615054.389151296
4928,9119810.750395214
4929,1416486.012800502
4930,8671413.526376842
4931,6056007.926807971
4932,1193992.091983449
4933,92228369.66206011
4934,1711474.877947129
4935,473068086.29863304
4936,25028473.623812776
4937,297666.320333137
4938,18582829.791456785
4939,954001.7425136155
4940,445164.3286545404
4941,15533673.27494688
4942,543725.5721899791
4943,60393858.36330354
4944,56946155.5674364
4945,3302186.6681186147
4946,1252018.5276256034
4947,1682326.3442659858
4948,2140816.867842583
4949,5374307.061260609
4950,58563886.74123469
4951,17895437.23180112
4952,4784760.301091099
4953,68164343.05778328
4954,22447879.32185821
4955,725464.344354605
4956,4287483.8821000485
4957,26925455.57524126
4958,3483835.2435932364
4959,13801966.471432328
4960,4947820.485509153
4961,121577700.10004696
4962,3959281.480698374
4963,9294347.545043586
4964,4948409.779799198
4965,317038.9403871549
4966,1761769.252192786
4967,32532291.5503444
4968,12913655.00665207
4969,59301.936222087286
4970,904.8163288558343
4971,77295927.77531622
4972,1435930.4609257353
4973,1806948.9378971928
4974,74173420.78307432
4975,4947623.136392182
4976,200834.48208240245
4977,55564662.80504863
4978,1626278.197878407
4979,4326301.568877802
4980,11634624.52323476
4981,6101394.071154506
4982,49836884.449600644
4983,1742.2457624320596
4984,12230178.481864939
4985,257513588.37442657
4986,1008127.008941399
4987,2609612.4622820844
4988,810950.7440793419
4989,16918779.291011468
4990,198505.45071676644
4991,12765059.250481158
4992,138431386.00531653
4993,3765629.752516711
4994,55937734.862140864
4995,183477.66605730008
4996,19940374.82236101
4997,47120759.86502862
4998,11942037.863783872
4999,53125397.432663776
5000,128330671.29851297
5001,251797028.5971341
5002,157492325.8113021
5003,43708186.4084077
5004,16165783.38246172
5005,10735507.14487389
5006,250099971.0101865
5007,26696941.082288988
5008,378827512.4874719
5009,22849227.644108813
5010,906202.996941956
5011,3149010.6115477886
5012,38274349.61088003
5013,7695110.180625158
5014,33097424.003935553
5015,41609303.27434676
5016,89994337.35050674
5017,4148025.4349470716
5018,15595300.807454625
5019,39208819.99020097
5020,31732385.720844567
5021,140831.75071428056
5022,10746271.224821055
5023,11010209.50598343
5024,87597494.2237015
5025,882706.6224226158
5026,70784850.79546769
5027,13632567.857008273
5028,67894266.24446566
5029,68253888.50023459
5030,22117177.70778377
5031,2391624.378753027
5032,115639034.58692315
5033,640547.6596067206
5034,5772799.926611283
5035,619784.7962799272
5036,6060417.017721951
5037,11611574.608156634
5038,351148491.5213588
5039,279521.1993976091
5040,20624771.15632972
5041,12233456.750577131
5042,22029472.701648373
5043,9867617.252106022
5044,273576033.4551452
5045,5124018.9304180825
5046,1031504.4820824891
5047,803114.2101152058
5048,861052.1927374708
5049,52713728.48181665
5050,1387225.7917211792
5051,193570106.73354024
5052,137347829.0146817
5053,13235025.289766807
5054,33569693.29239006
5055,10848039.328577321
5056,8634901.264931688
5057,4878846.812170962
5058,8560158.466234688
5059,18883435.168241907
5060,90601946.99648276
5061,21857552.566977836
5062,559536.513835302
5063,83320.1963396332
5064,8572075.417638883
5065,989652.4745680004
5066,5534410.400450685
5067,24917432.283659663
5068,8615889.237830179
5069,56053545.2540343
5070,16886619.21232238
5071,45794610.509801626
5072,98155667.28002298
5073,7009357.298033486
5074,3865951.305523411
5075,1150423.8013239505
5076,26004653.142846093
5077,103268749.67282094
5078,3799900.8314275634
5079,1807659.3668448874
5080,72682801.116229
5081,51730784.692677885
5082,12508533.47008812
5083,505285.1418577325
5084,10363230.786381219
5085,159670.9674359504
5086,5051783.295955665
5087,2813561.3215921433
5088,4614869.884005941
5089,3798445.8780241422
5090,2115834.1776119256
5091,7341115.263306928
5092,8279308.137777954
5093,30043951.277080253
5094,33389066.299927015
5095,85675562.53163186
5096,13912904.492653314
5097,173853.39068446867
5098,1499738.7238728553
5099,741861.8060870355
5100,634603.34615608
5101,390505.1049489565
5102,4141992.5001401706
5103,2738.636283053821
5104,27437539.36474075
5105,1252106.369815133
5106,3078531.876653804
5107,11408697.16485673
5108,18668901.839391813
5109,214431.7738933964
5110,26839269.674668673
5111,52662808.080464266
5112,3596354.4377262676
5113,392263.8799244306
5114,16069508.026527917
5115,724906.5887826618
5116,4132230.3670489537
5117,184946038.83869934
5118,15641633.67578015
5119,102636.57304389637
5120,983.7918209064047
5121,19208283.787443887
5122,6590322.054698107
5123,20669574.351925433
5124,1256733.3284845876
5125,24777037.125707604
5126,3895269.433246835
5127,44762656.707638934
5128,80443.1989294781
5129,1044620.448526619
5130,19631273.002999764
5131,4506778.10191459
5132,21423623.388364337
5133,111816515.20447253
5134,82369037.15122968
5135,161485665.66627076
5136,978853.1077190046
5137,69258198.91461787
5138,7631769.371734362
5139,163205276.60482982
5140,62502570.914452136
5141,20568330.651001267
5142,152742911.8352936
5143,63748593.501258396
5144,55968615.43569661
5145,14225766.092753842
5146,1845943.7811058194
5147,3518983.859960271
5148,31080268.937205613
5149,3319140.8448189883
5150,472330418.62880075
5151,280266949.9383551
5152,77902586.44926094
5153,4108689.6130532552
5154,17737200.04484987
5155,245964.78870240034
5156,577242873.3982455
5157,6245229.201791657
5158,378659.54481279635
5159,72333286.95691837
5160,11808067.652939929
5161,2132310.2361096446
5162,71695671.48569904
5163,49843001.621185474
5164,414601.2029355276
5165,29836195.549010348
5166,99376873.74547812
5167,711329.6070543097
5168,29115278.883624826
5169,9040323.432521127
5170,7858751.0548173245
5171,98535319.67533024
5172,4685901.5385501245
5173,64519124.91475246
5174,52927951.94480995
5175,537008.6904804708
5176,8453008.023945406
5177,74370292.42744768
5178,436715209.42537636
5179,1863857.9183923914
5180,10069718.678884048
5181,874579.0556464944
5182,15361683.620224558
5183,1465563.8551174735
5184,7010388.030065287
5185,3265716.514959186
5186,1041105.7414743819
5187,651349.6521732972
5188,2370749.1452966137
5189,19292147.799862027
5190,334564474.5278134
5191,7380570.40541204
5192,77922451.71491595
5193,65886405.11367152
5194,21094757.07470591
5195,160632498.15125084
5196,50463081.58204612
5197,17658696.478538584
5198,28505582.976330586
5199,14511112.690522147
5200,4524871.584378472
5201,22216324.877278503
5202,1899364.1131197992
5203,275925.9373421001
5204,101659.30432113104
5205,2873774.2550035818
5206,9141314.814936697
5207,2059991.2131426178
5208,7748925.012467378
5209,57042539.27252107
5210,15553496.604504513
5211,5211086.072448255
5212,4518677.444901156
5213,39796482.95632954
5214,30665.1145483124
5215,6888190.104235086
5216,25591645.448081076
5217,16906.41502871152
5218,983176.006109482
5219,3702152.596647314
5220,27571562.97367313
5221,399653.9959755996
5222,17836.092393654464
5223,12015925.268182125
5224,820.6127622945658
5225,774.5072056922492
5226,24618439.65643524
5227,454974.27010858076
5228,15723924.544537498
5229,73045999.52375428
5230,11836770.428282788
5231,1282635.4002345912
5232,1146582.6249278737
5233,1402652.536400518
5234,23273991.17953254
5235,39273351.18454495
5236,118548705.65152055
5237,128031923.38405758
5238,3170514.2057597903
5239,28100167.34129424
5240,62355691.947122656
5241,11087945.905644502
5242,1757360.7580650204
5243,3324931.688757477
5244,68483905.88930364
5245,3347461.46101334
5246,18316214.495772716
5247,39313389.22491224
5248,139762.56829318785
5249,48619190.22742893
5250,150906840.43202156
5251,8034001.073234564
5252,53396.78105786487
5253,2392656.139091845
5254,161780.1539119601
5255,77854842.36091438
5256,19180664.854206584
5257,545192.9774867345
5258,2214855.462078579
5259,42583289.35555834
5260,6305488.2926898915
5261,41855046.43888729
5262,5275985.33046338
5263,28784925.24989472
5264,1136277.6565321018
5265,6213987.192362928
5266,21495667.272814855
5267,673288.3377349614
5268,8142436.936599847
5269,88916335.33482957
5270,17893871.025573622
5271,11046698.802623648
5272,65510410.3175863
5273,177494.35103474645
5274,18168743.50218381
5275,16323867.107830485
5276,26807361.280143347
5277,915702.46404447
5278,7405514.223370867
5279,6654850.306066618
5280,248348.0729321379
5281,4472424.633817227
5282,20654203.142355207
5283,788846.532743462
5284,14239300.78473143
5285,75150368.33489475
5286,8077666.888858574
5287,2834995.79837156
5288,3037406.271906384
5289,16811332.13387217
5290,93738503.38967499
5291,631929278.314027
5292,66197012.51404579
5293,129649790.59040512
5294,650906.9328789556
5295,531005241.5380819
5296,852768.5655375955
5297,74769883.09649041
5298,81371535.27343847
5299,795030.2671829376
5300,1359959.5442405608
5301,1849242.298938218
5302,30006447.287733007
5303,2151741.152211464
5304,1054309.969755677
5305,1231029.3331526942
5306,56989450.60022166
5307,205630216.09683362
5308,599872.5337825234
5309,214994.6466584197
5310,86589663.39083251
5311,1967991.6216370217
5312,137273342.32068604
5313,433487707.737463
5314,31799558.796982918
5315,1050823.6506374616
5316,5444826.651924336
5317,7224991.660465995
5318,3729370.180885182
5319,7096045.638748332
5320,20023293.997025028
5321,24152471.513733566
5322,352125.85746525804
5323,14102878.346072298
5324,18411242.777727917
5325,3427768.781506674
5326,5702838.987260925
5327,72216010.79423074
5328,3576611.2223457433
5329,673152.9782047131
5330,150654314.51148874
5331,928191.1587150266
5332,1300943.9103436384
5333,21804177.334549334
5334,12355805.15855705
5335,2036359.8369467508
5336,5903316.519351916
5337,701820.2158247913
5338,29538195.14638712
5339,4256626.835982806
5340,30621582.179097816
5341,117419149.8519806
5342,140643757.70722467
5343,22362811.293491606
5344,81017883.65323484
5345,532322.7707994514
5346,44969481.836489335
5347,1043314.3915335749
5348,6778814.679165928
5349,176443.77469078448
5350,725129.3034027122
5351,9865907.20095306
5352,1278476.9906958065
5353,11961196.811169848
5354,60268010.85566784
5355,68965006.9724062
5356,15311325.248259662
5357,1589883.4736934858
5358,16821076.773370467
5359,11469239.885426238
5360,119450065.44517978
5361,5421590.779691213
5362,1422275.3430387473
5363,23446561.895316422
5364,219069.5433238596
5365,44296825.12388904
5366,59096335.76569261
5367,69398547.23641534
5368,8149881.617720362
5369,320527299.834984
5370,20692475.696856562
5371,39856015.49677654
5372,558894533.3746083
5373,9609576.086932315
5374,48056180.96951799
5375,98046508.9680631
5376,96052794.2809721
5377,5229452.7356929965
5378,1464905.8534934644
5379,4683067.233150742
5380,24880088.45032903
5381,82984093.16248214
5382,75492892.10685246
5383,144849.23965963876
5384,243729971.070045
5385,63163800.91976781
5386,15220105.392620008
5387,1434257.7009168456
5388,144690073.28859356
5389,10150370.87960078
5390,8727216.786026359
5391,52760772.736605935
5392,441460.5012798316
5393,14566783.369693046
5394,46324485.76258605
5395,28074381.7401079
5396,15328325.633771708
5397,2564039.8783042976
5398,5847248.293125121
5399,193595.05625224757
5400,3013524.331866764
5401,14026309.344007019
5402,22953119.74923896
5403,15098257.917312656
5404,545997.1488209817
5405,9893451.438724153
5406,1543223.6702615877
5407,190380057.51796168
5408,542547095.2850746
5409,106665976.51698737
5410,460204.6067082305
5411,24821962.41219967
5412,98919.3186140585
5413,385315.1346579314
5414,84901500.06305668
5415,59042223.55797539
5416,14876212.800670398
5417,118714656.24605544
5418,151796.08593955752
5419,719333.585763568
5420,17881972.980250426
5421,37136387.860654265
5422,94856072.76107566
5423,191758604.50234017
5424,120236980.80160658
5425,5895477.1386613585
5426,9513321.725236898
5427,1929140.421355939
5428,1860268.2657945591
5429,39435671.19192545
5430,122427174.30293144
5431,19365992.69786544
5432,53207848.14316454
5433,11067049.33987373
5434,43584637.17924555
5435,5514776.510646516
5436,9251089.641320547
5437,28769787.28682283
5438,1076518.8298250576
5439,1797660.4294942408
5440,61479451.29627173
5441,3425374.223106947
5442,125640873.67358997
5443,89333854.64725359
5444,20085448.37469682
5445,16545278.74202846
5446,106457279.1549602
5447,3551598.8464378314
5448,4364020.867073839
5449,83517099.19581129
5450,10283526.969052553
5451,12063180.52250783
5452,644494.4584850556
5453,228606438.04470888
5454,76203521.74656238
5455,10720862.082102386
5456,7967956.193807572
5457,23295659.803856216
5458,5007197.038693049
5459,7976477.460592196
5460,285544.79063102836
5461,60839.16208230968
5462,735869.7373577736
5463,552818031.4018564
5464,586085.3547872483
5465,2655712.169777219
5466,44686051.71313077
5467,21815024.924259268
5468,128129078.63990942
5469,914.4278153401401
5470,11545681.442590615
5471,87956725.31776391
5472,76475831.14478673
5473,9739684.310621778
5474,13631203.243257115
5475,13479047.14375598
5476,4349573.271173846
5477,8997179.982043447
5478,57453301.80667322
5479,85602941.19158249
5480,8020083.830650746
5481,4377503.52219513
5482,3199358.7857517274
5483,10533752.220135411
5484,111721578.46681164
5485,3708011.3545773285
5486,4676060.60372448
5487,467921402.10351634
5488,36982672.205890186
5489,17290455.569778938
5490,505760.52691930026
5491,2595879.262831931
5492,4876870.22256714
5493,2170499.343886647
5494,86502.14196806133
5495,15234571.171011698
5496,8170411.043214656
5497,37394255.99798857
5498,398010.1340617363
5499,73859883.68474759
5500,26562232.177008465
5501,888000.900360192
5502,3034343.045834298
5503,3961795.6502229106
5504,14901117.008299377
5505,1516169.955104803
5506,225963232.0407032
5507,13985586.890471416
5508,118107307.81068549
5509,129016466.88982126
5510,7681318.989859851
5511,1768346.3248330331
5512,51660691.73657655
5513,684747.3030497553
5514,11281584.347155534
5515,2011198.5667889768
5516,414141.89704116154
5517,182167976.34375206
5518,1298431.756454411
5519,187615194.52232102
5520,439968.5784347662
5521,8917432.003468648
5522,74633.92499904851
5523,356794052.3808501
5524,496569940.6249345
5525,34504802.269765384
5526,7446650.687795951
5527,147028.1005518704
5528,53174535.78945558
5529,208142.70659016282
5530,312422059.7346021
5531,469140.7845109527
5532,8343973.076563093
5533,39253876.85722055
5534,362690718.7642564
5535,354583.07509050565
5536,1018648.2874889794
5537,5323941.800860661
5538,11920671.8516397
5539,169797275.68710846
5540,22581006.30207521
5541,114698925.87719621
5542,344430.9614155934
5543,2159870.407865428
5544,53645085.864430584
5545,112566.6535788891
5546,2865361.801220224
5547,25198236.4498937
5548,4061378.493126305
5549,34396128.1295608
5550,16989749.79817209
5551,5882243.387396412
5552,34970651.848506264
5553,12845673.640325833
5554,5201511.1287858635
5555,7191163.575774729
5556,2916356.2959768455
5557,2533184.18365412
5558,605322493.7406322
5559,1813345.2367226633
5560,188103.77867830568
5561,21565314.19889781
5562,58267521.34044727
5563,66221.00581402313
5564,481979.9138349691
5565,8863385.271968782
5566,5860115.0203592265
5567,25146524.146134444
5568,11030747.201065533
5569,35931275.65295397
5570,26534157.53948721
5571,72592494.66554834
5572,901202.5896810736
5573,111055066.65770559
5574,10049340.183308268
5575,80520217.60105194
5576,44828612.08097583
5577,27567594.88590565
5578,20991811.505063117
5579,6305799.988169205
5580,474938.5430126105
5581,33247957.85417735
5582,19003433.21214904
5583,55172442.69923798
5584,8267508.430505643
5585,5802303.549020196
5586,462284.9818067152
5587,8866079.524248539
5588,196962135.77318567
5589,99330522.12566587
5590,947600.0638290888
5591,4212458.354633009
5592,1345958.4006135007
5593,7504288.962951645
5594,2769104.484008641
5595,46388238.52745256
5596,107393259.22100283
5597,6513029.391241448
5598,5743168.956195315
5599,5387734.390116341
5600,3545093.6566736707
5601,22159634.27667755
5602,52306274.17710607
5603,335320.8962674964
5604,7984854.115745884
5605,206859832.57232353
5606,65432670.09981704
5607,26657825.112509873
5608,45894251.15439408
5609,10387215.35141327
5610,19655196.900678165
5611,16144667.18710539
5612,467549675.7440901
5613,9957078.657070927
5614,8016213.147668887
5615,29186593.765747286
5616,12985245.933371091
5617,220259508.080216
5618,16621987.226362502
5619,29324048.794924404
5620,1423148.4387835457
5621,18032378.952895448
5622,15230088.775340334
5623,11860976.462483095
5624,409352500.4128381
5625,1145524.4419504676
5626,1264832.959348972
5627,86234959.51697968
5628,27691597.880110804
5629,215972314.12766162
5630,5974414.374150007
5631,19081952.84979547
5632,29904937.441949975
5633,4304252.796010777
5634,10358979.70164134
5635,79013850.67596541
5636,984812.8270311924
5637,7713875.47901442
5638,76300616.4485648
5639,20494862.865256704
5640,1107385.016925833
5641,37978209.03305386
5642,8776067.803330244
5643,3139113.214074245
5644,653481247.9064872
5645,55071659.18809763
5646,6907942.575152939
5647,5469637.352597577
5648,80323847.62722787
5649,434027.8038754532
5650,96847135.99336796
5651,7815000.397991859
5652,168522.2600952533
5653,48620262.7041368
5654,42067334.0694308
5655,13631931.41006505
5656,685208942.2049692
5657,1114832.387501369
5658,23896481.52993698
5659,2964500.24702314
5660,95978621.63207687
5661,6604475.177812313
5662,324843484.95732
5663,2705240.5781914517
5664,3511528.933406737
5665,47930936.72981992
5666,10472961.490363188
5667,22712784.836514283
5668,1441218.3032437926
5669,891324.0233733546
5670,444897987.3920519
5671,35014282.25907918
5672,1664794.2019600463
5673,35311665.792400524
5674,1526170.5469096533
5675,180870.78759695817
5676,208807.89857821036
5677,61834858.09620351
5678,80533437.763554
5679,1039362.9816272683
5680,17439761.62934783
5681,615573714.1237235
5682,1096653.306806548
5683,378794008.14884335
5684,72727974.91432115
5685,5637119.587483963
5686,443776.28292105807
5687,25605427.265864536
5688,4270577.04766106
5689,23617601.9377549
5690,5445045.648764447
5691,26474437.544155378
5692,369674558.77757907
5693,10744247.985445064
5694,40571769.97106379
5695,808081.1831658601
5696,37322251.73203321
5697,104205.84814303691
5698,4377556.573856771
5699,426620.8155584227
5700,29796333.853930745
5701,12370983.47150244
5702,18014745.77343785
5703,41399991.84881066
5704,19673347.375429485
5705,11257664.05814299
5706,634997.0641568147
5707,34265101.43677682
5708,845955.0464058307
5709,15148699.464543158
5710,1387396.4069028182
5711,1006644.8913041374
5712,87681322.85314274
5713,7326379.5386990905
5714,18163792.002581976
5715,3156121.0165110324
5716,144784.0321118514
5717,7827480.172752184
5718,566667.3551393019
5719,41486837.39143497
5720,4045557.4013401438
5721,59479547.86306403
5722,5956717.078164539
5723,27260091.861755427
5724,680140.7947175466
5725,804477.0208858245
5726,79480230.00955118
5727,138408072.33303598
5728,13427806.23235894
5729,159329280.55626142
5730,1212182.5997055778
5731,94754.79200525447
5732,4435511.27780276
5733,1147188.5524818099
5734,21909940.11912725
5735,2925022.2893465394
5736,31211673.10215503
5737,34797438.406003624
5738,43678199.892229944
5739,14377308.698696686
5740,1532086.1724628117
5741,40401846.92301601
5742,33406904.465512104
5743,17945770.873605378
5744,56188.760053334205
5745,1131977.8780314596
5746,2948920.0415864163
5747,1360291.9967619437
5748,73645729.19150841
5749,48698097.98986197
5750,51600595.36537935
5751,30222334.87175097
5752,1878914.2777844062
5753,312843619.1891633
5754,15186226.353610419
5755,86877030.85750774
5756,20755647.437798783
5757,3170999.4077962684
5758,108220.57140523939
5759,22065411.891849056
5760,1158063.5215259977
5761,105850.47236259923
5762,203661756.16989297
5763,83866736.3560511
5764,920648.144391145
5765,45474346.129243955
5766,12641819.54740444
5767,9638721.66339617
5768,35448517.23711996
5769,251079711.79494557
5770,5504030.071051818
5771,14799931.235592052
5772,22004719.2066234
5773,344379889.0620714
5774,64989876.616218075
5775,65007684.52801861
5776,10266123.27200704
5777,195550351.49000195
5778,125546079.9721581
5779,176156629.88642812
5780,1899381.7392075525
5781,66506630.45334873
5782,52656222.80512826
5783,82658883.40635912
5784,3883717.412461023
5785,82144937.55746879
5786,10878738.0949821
5787,110955219.55421816
5788,3007826.974879884
5789,17568886.89903678
5790,68528617.67639942
5791,122622576.99536116
5792,2399219.062272027
5793,11251683.03484888
5794,40988929.37143338
5795,89894834.96265164
5796,31915437.727030627
5797,49332756.59096286
5798,89242.86854082726
5799,188450305.27922824
5800,184005.0709574058
5801,4299191.954173177
5802,1236156.897311239
5803,467055.7862262765
5804,392868715.76861143
5805,11430037.803081395
5806,19917642.303452328
5807,15614345.277527899
5808,24264751.407909214
5809,8701142.140917532
5810,373623.0097413812
5811,902665.2254861161
5812,39284978.186929055
5813,110662945.36625642
5814,3271099.261988554
5815,3851010.328816016
5816,6095970.56317209
5817,879140.2488850269
5818,8340085.701734171
5819,16748110.013328861
5820,31263619.602385234
5821,298046.00847299426
5822,93742.67871733486
5823,37587746.111367315
5824,51805596.801318735
5825,7361317.321546507
5826,2698814.81539152
5827,2015118.1265845988
5828,252909209.6185471
5829,50227296.0333311
5830,19068240.34639409
5831,68727945.05486953
5832,30628151.834880184
5833,11593209.801195813
5834,17091565.457723375
5835,105456.27642742099
5836,51624995.455985874
5837,19294447.701989684
5838,215949.38196905665
5839,43526733.44351615
5840,1048.9853247653698
5841,6333186.445273555
5842,10114770.561225252
5843,12305411.267508019
5844,2301843.2801239383
5845,774650.0395454125
5846,3144866.8602860775
5847,46949767.199736
5848,52126122.317670636
5849,1124716.66597033
5850,50071322.574666485
5851,3730115.8294452843
5852,8197419.204393012
5853,20636697.086285733
5854,36526337.809703775
5855,99930296.96151476
5856,3145824.440419991
5857,509179376.3041488
5858,133511.82730392893
5859,16437999.275386408
5860,103489468.19639835
5861,337720.63143287046
5862,24076183.549615275
5863,68444552.85254793
5864,464534978.661102
5865,633065.5342743444
5866,2238162.041839303
5867,6103820.74600335
5868,26924338.264222987
5869,5176180.800216358
5870,381126.7898865181
5871,16734509.624249699
5872,168335442.2360169
5873,21239834.614560734
5874,1634851.9513398616
5875,45764889.08363256
5876,43624972.65099266
5877,3300087.1641977476
5878,79374174.62160571
5879,695758.7918988633
5880,76693417.59378152
5881,64751458.140001394
5882,307014012.9767974
5883,12298447.601266002
5884,16182534.005906446
5885,4804794.425023177
5886,5226283.032912624
5887,17427315.38316617
5888,3594171.6387378518
5889,1666697.8921186833
5890,29733246.229689732
5891,38160397.75712544
5892,5989629.881689659
5893,846635.3172463625
5894,46010214.647115216
5895,14925594.248841105
5896,68852701.15039761
5897,290710.3466439351
5898,30197399.26401554
5899,2006797.4997840486
5900,29908613.735058594
5901,65411.222148463574
5902,44305232.95633326
5903,49946940.53634517
5904,37372872.52477796
5905,36322235.46513635
5906,62139359.46428664
5907,1213431.7296543536
5908,18802077.395408433
5909,13406635.361590162
5910,360895371.5770987
5911,3487251.5503940135
5912,187095071.92960447
5913,34363345.44263845
5914,21371358.048657943
5915,8531597.202948771
5916,38828962.62715535
5917,139771631.87300447
5918,80391246.77893242
5919,45934604.28544862
5920,693139.6626891004
5921,7989003.02861898
5922,3380187.744146826
5923,1538507.4423427973
5924,7829651.615092802
5925,381942756.5094562
5926,1097554.082883469
5927,1316.2453921682147
5928,798880.2597536301
5929,218165.83912560286
5930,30784621.782674503
5931,23758288.9550347
5932,264984.3016180594
5933,5600849.676746757
5934,7564832.812620036
5935,205012365.88568985
5936,81219322.42250763
5937,1406062.8028088044
5938,4734899.117398836
5939,12711111.665348247
5940,66444775.419915974
5941,2963895.0744100898
5942,66794810.35574266
5943,4228340.034991048
5944,27774143.41897928
5945,7366733.488789191
5946,385265.869460345
5947,146705.07894492536
5948,102245883.75933926
5949,2388749.622440366
5950,135799559.68466622
5951,28528070.891455285
5952,1760256.0543921713
5953,110664459.76850028
5954,3119299.219555865
5955,18120374.275777347
5956,54054917.26882403
5957,46700728.21680448
5958,68150289.73080948
5959,8563947.09607567
5960,9914661.242254822
5961,485847.02365074144
5962,4644638.173092449
5963,16479995.207733061
5964,51295145.783071816
5965,25664698.947483588
5966,32271755.947115302
5967,254547066.73380354
5968,56088788.77013575
5969,45593332.14463697
5970,6872942.789520495
5971,3776143.7943333485
5972,5235414.572574522
5973,61483137.47305302
5974,1232993.0272634707
5975,5761013.696222945
5976,1086468.3094357667
5977,326856.1757847075
5978,500904458.7131508
5979,1902963.1777323752
5980,158279812.71234035
5981,457436.673882687
5982,156645521.02532294
5983,1556400.3973941025
5984,24693196.865839954
5985,57933028.910283916
5986,70906.19072414858
5987,1203.138308142992
5988,14215160.64682982
5989,95207.3685048874
5990,78173417.71266699
5991,4269644.322885237
5992,11160979.02687808
5993,60742867.577158
5994,472576.9751431343
5995,19323423.053144943
5996,32643057.780298594
5997,14224784.077494642
5998,92598468.49849871
5999,173219.22263660977
6000,1903255.343859883
6001,7776047.388674045
6002,1661997.7096299175
6003,379065125.7454436
6004,45234465.828310624
6005,2427731.0399289215
6006,3666680.0977309537
6007,3885726.3520004544
6008,2491073.6446100064
6009,73461705.47566569
6010,66849262.83520826
6011,14054921.865602553
6012,9567081.232776111
6013,177762162.50415844
6014,10069410.127677184
6015,8121631.840593092
6016,12842791.404558668
6017,509324.187919654
6018,16185274.134044973
6019,247933.25322285207
6020,1576935.2076060637
6021,8112155.2597230775
6022,2242730.994517777
6023,2883043.802738338
6024,188158.37402886112
6025,12498312.329991484
6026,116978393.17784606
6027,4903017.817916269
6028,135273534.00994977
6029,2379974.7624960933
6030,241218803.94817606
6031,48871436.082464024
6032,61500.629956732984
6033,32674717.838272247
6034,4875585.745846124
6035,262571579.45113122
6036,646914.1388574928
6037,402151.24802494916
6038,36973.53314186897
6039,990911.1788234072
6040,34562014.84884886
6041,241404245.58545902
6042,80883.09128481329
6043,85197659.66180402
6044,2849711.350270873
6045,23167266.520862807
6046,116927.44263799729
6047,1719973.8325994222
6048,1449786.096773934
6049,886102.7073418228
6050,452203.6131016654
6051,443004.46351044485
6052,33855260.92655884
6053,75236.05790906871
6054,425525.2140595489
6055,4729116.796097904
6056,28067786.682428733
6057,968436.9248448407
6058,16859124.788463864
6059,89947704.89566869
6060,25496861.28456332
6061,19422064.957589667
6062,3686522.4496855782
6063,74529804.96880913
6064,358344.5135765439
6065,33777954.74202251
6066,25721743.241015974
6067,21055033.792609237
6068,61299.194535298506
6069,107587776.65927681
6070,86861723.69925943
6071,9068050.494816588
6072,23073060.584726218
6073,21159473.207221445
6074,416486.52864303876
6075,331624.63923710224
6076,80202332.2825715
6077,1847209.142054026
6078,84230118.54683053
6079,357362288.1188957
6080,1448160.912124449
6081,377664.4010065275
6082,1642077.719649298
6083,125894158.03184846
6084,21257940.462907776
6085,28766205.992943887
6086,325838.8230983836
6087,47684287.30088454
6088,5628905.428826476
6089,7035027.594845648
6090,270361537.2781228
6091,550128.7554848656
6092,3491922.990215254
6093,22380931.39623807
6094,71961608.4957756
6095,19883144.736690287
6096,2069701.7122405616
6097,30218486.36062697
6098,11679779.381004829
6099,33721655.102196544
6100,18970488.352398556
6101,158540668.4610497
6102,45434161.14718897
6103,55420771.26872489
6104,173731.53232468775
6105,1190.5844010314167
6106,355253.4910943672
6107,62437.851872662526
6108,16795708.535944734
6109,2965086.3879513666
6110,85914295.60988517
6111,71587.08274402075
6112,67680.84198749975
6113,10059099.78270112
6114,39469185.25841376
6115,150274784.92894307
6116,685278.2210716164
6117,15025441.00744194
6118,50105391.38273889
6119,69145078.17659989
6120,23609184.568622
6121,481605.23440931976
6122,45505759.182633005
6123,261334.8014619505
6124,1447181.5755721412
6125,1805152.4140517896
6126,13065044.996701388
6127,7895624.986205915
6128,160495772.03517786
6129,10342478.790215066
6130,183337.05885031784
6131,1807616.2123315763
6132,60489.04218921522
6133,6182753.448262417
6134,16167560.250734825
6135,56664318.482506774
6136,487778488.4876458
6137,25733844.73719449
6138,4466441.402524834
6139,861583941.2307932
6140,1602920.8733890846
6141,13617855.332702989
6142,387137.3168559353
6143,1809626.2239292753
6144,11728606.3214699
6145,23431353.498901058
6146,3912143.867335663
6147,52177457.34462552
6148,6933218.814539213
6149,79418028.1827325
6150,277682234.1253749
6151,7567047.035770762
6152,812843841.057214
6153,2838505.635349076
6154,191324.0464392134
6155,123736708.40145431
6156,1393931.5792025812
6157,7988305.121732664
6158,119684512.58179267
6159,18074715.471884202
6160,8717635.559006881
6161,10114701.75230875
6162,3740908.8380678934
6163,1840044.066495291
6164,1217715.069486449
6165,10183683.905598283
6166,15248662.31851526
6167,16272603.916916095
6168,14065059.811082331
6169,40676479.24442019
6170,4151371.241073604
6171,4593413.619229449
6172,1003731.3448955186
6173,8355082.220687409
6174,14853088.404308593
6175,14006098.336389693
6176,3160465.3893663366
6177,47208650.024009086
6178,1170463.6953388525
6179,253253956.32186645
6180,16828454.372663412
6181,19696838.030010555
6182,289497223.80096537
6183,10525067.439629903
6184,528029091.0867606
6185,2123512.057076171
6186,2662033.869021849
6187,3673412.189196082
6188,43939351.63165198
6189,42568999.07575418
6190,37522004.713394485
6191,629271.6952868876
6192,31899458.89286178
6193,4254690.642574525
6194,1338428.0632399675
6195,751130.9025029266
6196,11220415.55193004
6197,532647.2560758388
6198,102185219.3974759
6199,605344261.5564162
6200,494810.6132092741
6201,5027446.158129193
6202,81122213.12215862
6203,492728806.93820155
6204,2756848.888534365
6205,589778.5720922032
6206,23935064.849570706
6207,34159794.3808267
6208,40572133.279377274
6209,64903.71592344747
6210,513962.21613164345
6211,19582468.40310542
6212,3846670.506632642
6213,24443232.664872285
6214,9796667.061329728
6215,3548615.352250941
6216,31751452.206585694
6217,160085.33179986678
6218,416832.92016025324
6219,34670039.03781991
6220,297069.6103245497
6221,19479128.801857207
6222,521098.85364714434
6223,28770383.433949593
6224,5142199.524975681
6225,32937221.908436444
6226,9132668.648328885
6227,10272252.982802741
6228,276359.1713831177
6229,780374.9613109964
6230,95652.9255492507
6231,74322540.2107401
6232,541647.7488344089
6233,164039126.62537366
6234,12232377.835831268
6235,28304090.037953004
6236,2468062.859535122
6237,4234875.773549739
6238,6906560.050397827
6239,205562520.9262741
6240,106031419.35267374
6241,764966.2335611505
6242,253605.4433198318
6243,7474559.108638994
6244,48543767.29092936
6245,686281.1626869943
6246,419758.79533663194
6247,415663446.42253953
6248,6261321.417091578
6249,7050418.223046848
6250,15272805.6260977
6251,41168464.88181327
6252,7513965.686305324
6253,9408890.256016009
6254,115261360.16878553
6255,1453878.383646079
6256,2433117.3813423747
6257,77613325.69419955
6258,170436.4012138218
6259,1124057.5255667362
6260,4618990.904992329
6261,27543061.987415247
6262,10929320.805286491
6263,17319885.567549635
6264,4501863.581432493
6265,38293866.66696979
6266,5805423.926529334
6267,87588237.48720694
6268,70492.99018903097
6269,125380534.29586712
6270,53639842.28449353
6271,191130748.40889144
6272,974484.4329802421
6273,11151687.47218025
6274,283806055.67454374
6275,35337448.281034224
6276,796705.5324477843
6277,10624808.06209591
6278,383962.8828395912
6279,6040713.0827414775
6280,22433234.957997132
6281,908791.9782448909
6282,279495027.1253818
6283,22644691.468809694
6284,91663035.19696899
6285,38089272.296903834
6286,818001.3720728739
6287,2897698.556187113
6288,91265554.9554936
6289,147506252.61034262
6290,97960.43764069388
6291,24609899.203085106
6292,128431677.1908386
6293,320897397.2302227
6294,1974608.4016874665
6295,173317006.53292072
6296,3843286.4428425874
6297,39172747.17088007
6298,730368.9254589868
6299,191296.56227544288
6300,8684380.45560589
6301,12988360.481617859
6302,1129302.1636535346
6303,2030317.7556235224
6304,3882102.999906455
6305,99960054.24617758
6306,23599394.003780365
6307,434074.56982212234
6308,2662009.696921431
6309,817711.6010915589
6310,35385846.89649167
6311,156489.0586974746
6312,4427284.345476752
6313,7828820.628091551
6314,26410914.090990346
6315,13189206.864582257
6316,26438985.52052227
6317,145653872.63049588
6318,40572773.35384488
6319,26320716.273417
6320,502334.81018843316
6321,35770279.45558236
6322,11558828.185036732
6323,1291629.8324957017
6324,4789579.853892381
6325,20684126.209380023
6326,1326709.631392381
6327,17774074.53768783
6328,16942178.639158115
6329,1023722.9465273297
6330,1339610.1644401858
6331,71679064.38710286
6332,677183.5186449095
6333,1054826.4941629474
6334,1192941.8555946457
6335,17390431.88193703
6336,11523459.336548679
6337,39229057.242230736
6338,297280.5589429647
6339,39711212.12809759
6340,266193.2675416688
6341,405252.9361581017
6342,25774680.7618013
6343,39627119.09915097
6344,17622086.403403755
6345,1928607.569984308
6346,110059491.21087584
6347,71459315.47744295
6348,34145965.325915754
6349,33669081.56839813
6350,273865.943232364
6351,55183021.11632425
6352,55294057.48151778
6353,6150327.912738608
6354,1467831.9511332668
6355,11477.48416579813
6356,16687764.986118414
6357,1988129.0229414997
6358,1038640.4470573815
6359,6703318.049910967
6360,11511027.02485672
6361,58060218.83306567
6362,3320751.9799510334
6363,5253682.806986435
6364,1497455.246888661
6365,123465787.107802
6366,27784070.105176467
6367,3536661.5424316563
6368,16822074.217817776
6369,1351711.4159041375
6370,142455857.57266235
6371,5065772.696150986
6372,29344883.145444807
6373,351635.9750877357
6374,5033322.794681105
6375,33962329.60798675
6376,1561467.7300676268
6377,4300609.987983984
6378,3232775.9239081657
6379,151125683.31756943
6380,7888825.059464229
6381,255721580.180078
6382,56523545.69675294
6383,54822655.37281547
6384,50173953.03235544
6385,11527285.633630294
6386,338362355.835981
6387,715879.3397649673
6388,1286469.3717424818
6389,194473.8903887045
6390,33860523.5915895
6391,3001692.6523101726
6392,7334231.764394573
6393,240888849.83805498
6394,97393917.03887051
6395,148322.16738452608
6396,294894.74378278136
6397,4063868.4762621685
6398,50408554.56460569
6399,765275.9511938902
6400,5653427.028637216
6401,240787.3113927986
6402,13174025.523131074
6403,924499.1681278964
6404,4264753.486108896
6405,1158059.82064146
6406,7441291.876152729
6407,6008646.617526308
6408,3863848.1783812116
6409,57558355.156452335
6410,1389179.289172142
6411,234753.07870960108
6412,3329242.564322483
6413,12992713.79897232
6414,416773545.3581931
6415,478419.53397477535
6416,2157554.4953999873
6417,56187720.42171652
6418,26857740.10274785
6419,18915439.637519464
6420,26769292.49084632
6421,11677280.929596977
6422,130593.12828828827
6423,10883533.61806581
6424,74615763.82314079
6425,8374137.474545227
6426,4256001.034335969
6427,1002925.8678210085
6428,1938356.1177863406
6429,17180334.30672124
6430,99624739.39518748
6431,47027532.47569614
6432,73493743.90624358
6433,1774152.6422785923
6434,1881242.4342070753
6435,6874339.924830087
6436,20970764.207598947
6437,6223802.23088132
6438,16023801.307717325
6439,5263872.350804175
6440,32941170.88378863
6441,6291090.524241935
6442,1041318.0185100773
6443,4097806.6841648696
6444,282019.65699992457
6445,455732656.98377985
6446,133915515.19795892
6447,12776315.214835882
6448,1470790.2833894808
6449,16112257.69525532
6450,3268600.0796500123
6451,640241.5317184511
6452,18045648.4284374
6453,59036593.240599625
6454,14397132.943285476
6455,11246512.545844996
6456,12692056.395673051
6457,61358758.39069294
6458,1261945.5907280133
6459,4216951.7439822955
6460,78858527.25539035
6461,109246800.22616763
6462,143262880.32151854
6463,174852.52635383062
6464,30398423.683530267
6465,2688170.647393358
6466,17346297.490425892
6467,8983154.642497761
6468,389069.6656189696
6469,6094867.059286686
6470,634710.0586542985
6471,1058843.3831196434
6472,10117869.067810388
6473,2262534.5798302414
6474,1818.4082634658002
6475,2299352.4655855894
6476,318597408.5714054
6477,18126397.082738098
6478,7745520.602967953
6479,284745786.3228583
6480,19180870.91837823
6481,20192836.147627812
6482,209407.34368799505
6483,8586605.836437244
6484,64302714.040041804
6485,83032144.55909264
6486,165939.6797033994
6487,42426247.270674124
6488,16673050.146277906
6489,548651.222700344
6490,407847.937387005
6491,2043206.5490698519
6492,1860682.495656971
6493,8168196.0527938865
6494,102319645.28372891
6495,4527883.47880446
6496,313927645.9358943
6497,141118795.26232558
6498,19914953.51821108
6499,18705170.55190145
6500,2443158.3567663427
6501,1431025.5909660936
6502,90996500.37227713
6503,3936550.7356407284
6504,1734487.8611381247
6505,7911896.678882438
6506,5046.044271922946
6507,2918314.279096224
6508,54096810.56171894
6509,2926330.130600666
6510,952249.0674851373
6511,682590.1687033509
6512,4012284.925570184
6513,6715478.723566045
6514,4072510.1276599523
6515,138719316.49832687
6516,36395832.41578188
6517,712274.0838093648
6518,25511920.56530465
6519,40086782.45577659
6520,1120791.692239145
6521,233113266.6315908
6522,17860652.883497365
6523,32225168.71115477
6524,16909071.262436364
6525,27373509.584714558
6526,367866247.62186104
6527,563209.2081140524
6528,3083101.396638634
6529,2466577.18367683
6530,93843197.73105793
6531,2584226.3509282195
6532,18309253.56610922
6533,2872420.6128186616
6534,290497445.69375885
6535,5837062.709063117
6536,22567074.7717233
6537,56227465.241438754
6538,21171892.800253812
6539,180049271.72777322
6540,72011154.53542922
6541,74964472.37598252
6542,5549897.443055589
6543,202638.55533967869
6544,11423059.436244555
6545,9006492.51743572
6546,361509282.24623877
6547,1066851.1109295124
6548,47631836.22654762
6549,95141271.2525295
6550,17496497.511847015
6551,26271701.248594243
6552,4883070.0295438375
6553,1744.213543551632
6554,4656128.9469651235
6555,69395102.0570215
6556,36496981.50146335
6557,3564485.223280125
6558,73902260.76745349
6559,10878562.48994904
6560,163533618.0696025
6561,2366.452678558954
6562,5510280.973814484
6563,4731945.633245755
6564,5932481.244922417
6565,8895953.858932015
6566,22239918.032666508
6567,8838119.084413813
6568,23427000.900865246
6569,355488.6867867949
6570,21684626.464299757
6571,1647346.664965527
6572,52521.0643927276
6573,17075908.690083772
6574,14034179.89467602
6575,274804.61400469986
6576,3598978.2671425226
6577,3109210.8047954882
6578,26728896.144521136
6579,7164690.878007504
6580,234347.2349229089
6581,9243138.640067287
6582,1653.610598265672
6583,1175.5615648911025
6584,457391.60843437753
6585,23211931.619471435
6586,35533799.28491432
6587,73813547.30340548
6588,4143790.4275223752
6589,19021329.05382298
6590,138785322.54791236
6591,4647822.38466926
6592,128127056.52011137
6593,102527262.21557303
6594,51028953.630377464
6595,67425.5201051555
6596,90444622.83832486
6597,208750.96802432503
6598,11990988.307516135
6599,4211299.731523936
6600,9965225.124922493
6601,17481317.979623675
6602,431929926.9001803
6603,19261351.13520707
6604,1696708.8768000153
6605,65026378.707440175
6606,291432.68641968275
6607,57957531.27950314
6608,530888.7347461913
6609,498237.7034362494
6610,7317881.2459296435
6611,6432961.323176976
6612,502011368.49156946
6613,19647094.728842583
6614,197898374.1250617
6615,1764926.0509422233
6616,99036728.79497042
6617,38202007.66770414
6618,26744261.557128657
6619,4420315.508382094
6620,475567.4346479728
6621,10039239.800665665
6622,62674443.61610976
6623,139360060.6014314
6624,78945112.23162565
6625,126599900.41032118
6626,33875804.36162775
6627,73977515.65915333
6628,150924.03633934827
6629,528298.2305937362
6630,356180.834514687
6631,1590882.328472153
6632,937131.474020562
6633,1449200.3658041358
6634,7982477.035979472
6635,553709.8463801721
6636,94552387.97816782
6637,46813387.796231024
6638,1080.5291999245337
6639,990.8466294001591
6640,5645568.291193784
6641,111599250.39034073
6642,150322421.01409072
6643,887036.2729834856
6644,355970.19613262336
6645,16771008.211843833
6646,5734949.64537214
6647,1649575.8636041207
6648,40443023.90817467
6649,2332777.909699235
6650,5669372.968577709
6651,11952776.847100481
6652,312007.3943833469
6653,32930757.794106815
6654,107734807.61223547
6655,14022350.014344655
6656,19303109.721735302
6657,56309961.346072495
6658,1040761.3120098654
6659,2129459.32456672
6660,1771272.9091838775
6661,484923.53614317527
6662,6029035.085317617
6663,497441915.2328701
6664,1758403.8875550528
6665,382628.33105733973
6666,17945886.307724528
6667,147356479.52297655
6668,19973801.165760905
6669,6032022.827842793
6670,1185633.671417164
6671,26154501.574190818
6672,9679340.319449736
6673,88882970.56471814
6674,319796503.2280927
6675,71031609.65432915
6676,6504020.025941358
6677,430210.30081889825
6678,6556848.337955943
6679,469820480.3836444
6680,20661435.69480501
6681,545338545.7844741
6682,24727810.695523847
6683,72847685.3806413
6684,67552.6380698297
6685,2050479.4552431817
6686,19026144.263484117
6687,52659987.99761587
6688,4766232.675746316
6689,4564261.9903972745
6690,254139859.41807073
6691,4326402.6105161
6692,347085825.6493708
6693,28226993.738847397
6694,70205184.29544389
6695,6015912.865919807
6696,125038953.44219206
6697,4429064.350958723
6698,7233922.619074948
6699,157696824.75948885
6700,148407572.81320792
6701,25450842.10502741
6702,20845477.61190527
6703,1525113.7425247552
6704,1247785.1091337265
6705,25897893.9423184
6706,21797846.75168208
6707,15271445.163640406
6708,9889094.307884216
6709,2245679.155135675
6710,64485432.94542784
6711,21705747.716973823
6712,109583491.40610819
6713,1439940.6966046246
6714,433741.1649741239
6715,3664127.9426195365
6716,18181251.50964105
6717,312762085.3961346
6718,8550427.161635036
6719,18075668.54445298
6720,212765.0858318105
6721,45398930.23191364
6722,4605876.824072874
6723,103804864.84566818
6724,6209066.008761903
6725,1466175.0387898176
6726,53897329.77532071
6727,5650673.240816202
6728,5075657.880252285
6729,3199022.0973185333
6730,21011919.897781838
6731,311486.77635994484
6732,1597933.8738046414
6733,286876784.44736594
6734,5891563.881577799
6735,64050813.31093251
6736,966422.8683041161
6737,509777.45016063587
6738,2843495.2700928706
6739,22563201.9591639
6740,355933.1301370604
6741,346857.8450138591
6742,24573037.215874393
6743,74580307.5638126
6744,14764477.233347593
6745,749528.9267790745
6746,48824784.49302889
6747,13989233.875092892
6748,175222.7046948117
6749,1897373.4193590556
6750,1343.0972879350643
6751,7382773.281098777
6752,84555314.89528224
6753,3251069.253683191
6754,87791740.8947775
6755,1689598.4522411868
6756,167517461.32468772
6757,16721290.170553632
6758,2697454.1416615425
6759,126640476.8845639
6760,1398146.8742721183
6761,9713915.37932247
6762,907299.994689688
6763,19456339.379525296
6764,2152151.4685892537
6765,125748128.76483274
6766,78396.8091391066
6767,14995919.076414382
6768,116049527.19973463
6769,8849129.481586538
6770,6286857.838647038
6771,5478393.6358880075
6772,4463043.171629353
6773,24953780.023761008
6774,187070268.4088859
6775,405802036.34295386
6776,2285251.594974283
6777,10065078.02853685
6778,47448898.95117181
6779,9049785.97725493
6780,63279517.004173785
6781,1276248.9476302194
6782,83455341.96662046
6783,15526521.570250655
6784,4220093.021909791
6785,14524853.976609932
6786,438045.3550179816
6787,10760797.231467009
6788,1447154.5075229164
6789,1070249.6035803077
6790,4480349.911388218
6791,39629013.09494556
6792,262167207.70815805
6793,52160268.99914823
6794,8004604.474092133
6795,5234989.607170676
6796,568053396.9903693
6797,6708718.913629753
6798,17690492.310071364
6799,950831.9940125815
6800,35966528.419005774
6801,38660590.41513733
6802,6806506.552680934
6803,112263252.11138739
6804,167562.27562159195
6805,32718605.34054763
6806,1925789.6400407618
6807,27344367.26466204
6808,2958517.6681740885
6809,8427800.430261314
6810,8564770.937207751
6811,45799161.10180853
6812,7122296.073270125
6813,87548112.96645558
6814,867861.0981870979
6815,5072924.62828756
6816,3333099.438583017
6817,40144.110062970474
6818,84822.76676640191
6819,10791373.944254994
6820,39921219.661854625
6821,12978378.518635869
6822,15333531.971506914
6823,16371166.76146438
6824,146395114.2771457
6825,16045306.889686162
6826,8677142.51303755
6827,835421.8701051259
6828,143466.95076976233
6829,718646.2279039791
6830,2893213.4783606315
6831,49600516.91774093
6832,7490348.584186454
6833,1152508.4213562007
6834,21254817.85796154
6835,87648946.04190317
6836,845121.8076518164
6837,67808367.84234057
6838,687082.0624548163
6839,3136055.198904529
6840,7308613.828252864
6841,1824018.4276158987
6842,381658.3081404915
6843,4567336.68124904
6844,12817255.996056963
6845,15691569.428848758
6846,32395818.57443267
6847,579490.2726343784
6848,1818604.9908304513
6849,438547.4888294318
6850,23990975.356106512
6851,49752451.569118164
6852,11601036.983801877
6853,2027838.4830826062
6854,10374992.893644994
6855,7465834.803356577
6856,1436.2483419327446
6857,2023982.9185915985
6858,880096.784251496
6859,2573345.0695385593
6860,6924725.757907562
6861,18322017.906649392
6862,14766418.229272997
6863,245429268.00149864
6864,364102.8674315219
6865,1982003.3071337345
6866,62641142.48895453
6867,29749961.36205293
6868,834743310.9085486
6869,23998474.51906719
6870,264292.95436628384
6871,66464689.08988915
6872,254494.94489724375
6873,9587735.329928692
6874,37719798.88060333
6875,5603694.484337679
6876,9888552.857659986
6877,1651.7161614888405
6878,859666.5971729326
6879,5468784.606932486
6880,249804.9095719225
6881,1111300.0605046921
6882,30152081.6390638
6883,49658055.333775066
6884,45284582.22872002
6885,2722959.1605629064
6886,213518.97466467076
6887,8496123.688087285
6888,43608894.83299371
6889,972822.6303706539
6890,28369855.842935417
6891,32545208.10627588
6892,108264210.01545484
6893,124427662.40595263
6894,10928645.745339176
6895,891587.089951201
6896,265965.56647250755
6897,890329.7549875949
6898,1094190.0271016743
6899,3063403.010129091
6900,29710638.676694185
6901,24671462.3692055
6902,239376.06044124896
6903,11825289.290759228
6904,99220073.48531368
6905,34769312.05302772
6906,102269604.35755123
6907,22286490.524850618
6908,4946247.143156382
6909,756817.1450821259
6910,2182364.174247063
6911,4688663.710202521
6912,2651194.856161244
6913,291743446.4662697
6914,171945875.62225854
6915,4744108.971930064
6916,10527669.145590719
6917,805479474.6395679
6918,44108600.7944255
6919,2950766.9063339876
6920,74886753.77794437
6921,296968269.2461232
6922,10708363.366071766
6923,4242433.063409651
6924,113711.52433547222
6925,3374177.308131423
6926,7578589.749959158
6927,402479.5395991117
6928,19521880.368042637
6929,24427126.073865477
6930,102716761.0161682
6931,2059226.9249001152
6932,743430.9466186918
6933,2075088.6498886712
6934,57786977.84590782
6935,968395.4880492189
6936,13330277.161730697
6937,83459775.6216496
6938,758524.8930923649
6939,10964759.544383716
6940,20635842.28558689
6941,52195647.77045391
6942,10813108.723641537
6943,2581796.393390163
6944,108584659.99358699
6945,7597471.316727087
6946,49141047.15688738
6947,1082252.2616564482
6948,7546522.9426088575
6949,45953754.51652859
6950,374570865.4705288
6951,130875.82333661431
6952,6934056.143461314
6953,16222278.205429688
6954,4215369.359799848
6955,53173025.06646456
6956,5336498.079663715
6957,1001730.0687176887
6958,194232.0634834289
6959,1665731.96043968
6960,31853614.405415654
6961,4832282.453424844
6962,97207708.90169507
6963,2322271.750286032
6964,32640209.103921704
6965,951678.0873612892
6966,44554062.3119262
6967,110212359.94459103
6968,990098.6341719761
6969,625207.5040972976
6970,2642213.554535166
6971,101979681.64443529
6972,176590.49943219457
6973,1238618.6691337416
6974,41523681.62075518
6975,31542952.543521237
6976,1395055.3602564742
6977,2439125.4379740683
6978,517906.19126883766
6979,31862934.96485614
6980,14031145.59479981
6981,968133.9730873375
6982,31206987.62138351
6983,2106069.551240411
6984,84732429.67947242
6985,198479280.5642304
6986,21005799.816158783
6987,1385344.8931306754
6988,13000422.318469342
6989,2184213.390381828
6990,199780802.16781485
6991,2517746.08102201
6992,1052103.9127526144
6993,243154.68242030824
6994,79504.33354668072
6995,22090961.0255784
6996,61826876.382883675
6997,82513.56592945843
6998,8259381.591220882
6999,107362918.71995668
7000,570023.6124653239
7001,4725015.357618019
7002,1593453.5563145159
7003,9732298.421482561
7004,10059409.077269373
7005,364772.611882794
7006,1183615.9357605367
7007,53192034.842247605
7008,43139910.94792246
7009,8085627.863022647
7010,11112516.18223366
7011,557611.3700569546
7012,1037731.1759799834
7013,2124112.1758792624
7014,431837.33040415146
7015,118636299.60092011
7016,257473172.38339105
7017,7763236.727371633
7018,6204727.18000234
7019,47219097.16446904
7020,27793279.35404626
7021,7182618.880535186
7022,22185895.776366126
7023,39365995.17096038
7024,6825416.122678063
7025,4338461.302127932
7026,163265059.5318986
7027,27783997.497450925
7028,1548008.5823303119
7029,37114264.047357626
7030,10890037.94142569
7031,26557142.897775628
7032,3967378.6334119043
7033,1655257.7756137813
7034,5855742.777699419
7035,6648101.8601524625
7036,5499627.025458245
7037,6228388.36836111
7038,6883108.447344468
7039,41446430.21964257
7040,3305340.4975077803
7041,16133838.256293323
7042,47397657.31490835
7043,1070885.8566978096
7044,3516070.8173367833
7045,9265259.282429008
7046,80063829.68084079
7047,154395862.8208507
7048,5321012.826774885
7049,8226095.159872687
7050,107310.49380311604
7051,2701522.4049410555
7052,53255937.625619
7053,1248346.762398134
7054,31369121.217755586
7055,62191895.81410933
7056,313215898.7777011
7057,7345368.818635954
7058,1734953.4843571817
7059,5665946.759693127
7060,6963500.6879595835
7061,15594787.156155119
7062,5911480.513221088
7063,182362.32647658276
7064,153849075.27195773
7065,27790867.311348103
7066,979707.7559778693
7067,120833.17799886863
7068,64573891.10726217
7069,2126259.227598117
7070,147223908.76842895
7071,187275973.8050101
7072,374795.7869374674
7073,9024558.09790903
7074,633567.1787122847
7075,23379411.595087506
7076,41184898.03280025
7077,6698235.780260038
7078,36619899.23808627
7079,5109.784390554588
7080,3279884.2078538733
7081,1807172.5319937854
7082,2390641.5694700377
7083,428392.02173529693
7084,21201809.84933666
7085,2857104.5818168265
7086,160646.49215328577
7087,115979870.02037793
7088,70076772.20423831
7089,840456.2400866755
7090,931797.2406970739
7091,4191254.803826379
7092,78254528.97578101
7093,24429225.450570934
7094,38127413.13344276
7095,1391782.9365133978
7096,4062299.209148535
7097,112683805.56184146
7098,43227964.82991745
7099,46916827.1724497
7100,2963971.101359873
7101,16298341.541931422
7102,1379959.1626535857
7103,2926936.676907379
7104,4782365.185319373
7105,55084258.494353294
7106,17399745.686777454
7107,23812198.95377071
7108,2499352.809253365
7109,30198017.3136198
7110,1039840.2613352156
7111,3654886.0907449503
7112,79790722.95298806
7113,92659146.17584811
7114,2336290.1301158695
7115,20876079.53069574
7116,9294867.952031948
7117,144990.2232140477
7118,15905658.089340078
7119,30388856.270102426
7120,214268.78200653443
7121,8190582.402602386
7122,592513.5391959894
7123,620306.7616225071
7124,411796234.7965323
7125,2987771.5609877054
7126,179850618.62430543
7127,28355764.656332556
7128,635821.6529366906
7129,4104679.087744516
7130,11268184.550025241
7131,24091061.275113374
7132,20104157.6775486
7133,91206635.53426985
7134,16417864.28987442
7135,74174183.66256511
7136,47051115.638237394
7137,8978905.679895045
7138,9266349.421177197
7139,94715.4706895534
7140,104803560.72737248
7141,147455.12519902145
7142,3832261.1489739167
7143,60839462.5181412
7144,506477.15733292955
7145,21887112.95246434
7146,1240663.5085333593
7147,30044098.210011017
7148,7883510.848020856
7149,25530530.945306115
7150,1368.8247556491294
7151,294068.0786747782
7152,8695663.50003186
7153,30819176.299046613
7154,22361589.663380764
7155,110446174.90691732
7156,7518944.183682933
7157,71222463.94243795
7158,553651.9075412432
7159,870680.3308665301
7160,1183390.819003892
7161,42051472.34933329
7162,338459810.5305653
7163,2686727.902866754
7164,608422.8827339404
7165,79844313.59211487
7166,595634.0104446919
7167,108440.48532461483
7168,458796.178193636
7169,11672434.91872495
7170,30213635.909967463
7171,8975362.899778757
7172,4965749.573941163
7173,2706442.5011321874
7174,2540855.2087032706
7175,587048.1849075307
7176,6055027.100004095
7177,62336986.66264852
7178,26066992.04430993
7179,119266330.1012378
7180,1269715.2578856382
7181,4880433.445544653
7182,63099364.169891305
7183,274050.1045673003
7184,826567473.8490812
7185,6471705.51412401
7186,11310434.129647326
7187,8090545.656140874
7188,44073783.00022824
7189,8234050.024070946
7190,895877.9779477228
7191,19178.68452757984
7192,16935013.221749015
7193,23528422.58243105
7194,306654253.4992881
7195,14870277.024533132
7196,6107931.571932991
7197,6192293.967737869
7198,8939999.04334278
7199,17454823.087605305
7200,74587364.50748093
7201,1982345.6547537933
7202,11497256.297953852
7203,261034.05386912558
7204,43817882.90148767
7205,147001780.7309863
7206,125843506.3793383
7207,403410373.05631053
7208,10672949.34948215
7209,4869215.631213071
7210,164096.2995756572
7211,554321.6161933097
7212,8596595.300182581
7213,12203196.487072188
7214,127777826.49516174
7215,83778670.97895597
7216,97271240.61033939
7217,740516.511501504
7218,10124711.11800125
7219,6086257.54325308
7220,54602889.34198389
7221,4579479.727738428
7222,37218008.09892053
7223,6995594.027285917
7224,4885893.763457104
7225,710.0540567232316
7226,8207496.455225171
7227,48367685.79979774
7228,1905449.834459242
7229,7416084.130676893
7230,118866.33397779334
7231,1053773.663711516
7232,13481936.683479795
7233,94423729.24621236
7234,242792896.18870187
7235,23295312.348587103
7236,42750389.88496313
7237,6337939.55126155
7238,3109009.540630448
7239,646373179.850501
7240,14112282.588792963
7241,142838828.82421616
7242,62891033.30587138
7243,4201335.999069997
7244,15531665.593407283
7245,897686.384343422
7246,1077072.0806508104
7247,63241788.67464694
7248,49520943.57458331
7249,889904.4825395314
7250,477500.9690057329
7251,26285093.42275653
7252,13392033.271424646
7253,2018831.6780260713
7254,20513256.090749376
7255,389502.27461615816
7256,26140321.683524817
7257,1841159.3146158457
7258,22266505.271335457
7259,2425079.0807214915
7260,277754.3724357417
7261,556076169.0308019
7262,123346.5402848917
7263,42846620.1060158
7264,4772738.032887081
7265,3244386.8521615327
7266,40357092.14289091
7267,1017400.4399520261
7268,4459000.766097055
7269,99597194.92917271
7270,263921741.32600343
7271,1693897.4403561316
7272,16248280.13608079
7273,1021543.3447721995
7274,11525526.747812668
7275,3676934.4187157326
7276,2078734.2699818574
7277,125873678.75414543
7278,166691651.91294557
7279,182046165.97509316
7280,70122632.78949049
7281,37414828.08645382
7282,29356972.181785744
7283,195584081.58366144
7284,528201.7724131035
7285,51492569.1075148
7286,98758595.8521472
7287,1812052.8290734426
7288,6677100.573012752
7289,89419922.43906894
7290,1654271.190328985
7291,8618335.03751499
7292,437802.5805604648
7293,12238317.157630771
7294,3745052.132955138
7295,45582582.70603462
7296,41988.46695439291
7297,15815398.983999902
7298,2631585.4737894866
7299,2045836.078363355
7300,1232823.8185450537
7301,13942493.314974008
7302,1175221.513850424
7303,93069.8495152922
7304,16811348.82189575
7305,734195.3359396983
7306,484022920.1027364
7307,411424.35792298487
7308,406243.0778286319
7309,19583719.499410007
7310,7263105.28361762
7311,4675725.9843093725
7312,96279975.44288018
7313,163867897.62115732
7314,2956458.410709628
7315,1580389.6254906114
7316,5392620.311149726
7317,6902318.469976127
7318,68174684.89165023
7319,1930605.4715360857
7320,29175936.817142285
7321,202207.38352851494
7322,2162617.126251578
7323,24297500.286097255
7324,2779442.241635203
7325,289762084.70131916
7326,247259873.40376088
7327,7661681.617871829
7328,37873054.97370941
7329,87916613.45738424
7330,252588130.0120665
7331,62633934.647106
7332,18168313.084978394
7333,76136211.56721243
7334,4916294.217170714
7335,54048751.65284479
7336,1597059.6389084097
7337,16408977.14026239
7338,31789135.111999005
7339,36428527.566650674
7340,4068674.562103208
7341,56775.8316073484
7342,51881960.03646225
7343,2035955.2116774628
7344,1339655.5303923527
7345,4374915.782329343
7346,3909259.9483619137
7347,9285386.16541157
7348,643945.621681116
7349,23161888.058604974
7350,12700548.938764948
7351,27136859.347738806
7352,79540.65197408843
7353,5614079.393696192
7354,24713.916136278476
7355,21305721.024643753
7356,31172594.629986458
7357,4102964.4242186495
7358,4206635.108785484
7359,36260285.05228262
7360,21301179.231454164
7361,55158.88764815205
7362,142037040.82277414
7363,677441476.8599739
7364,482628.9362349985
7365,66233931.51279986
7366,26916683.358115047
7367,7690086.801937435
7368,17450358.93351457
7369,8985885.408430304
7370,58199644.23378635
7371,264512.06398091227
7372,85482142.64393617
7373,280775534.5621591
7374,20810950.55739251
7375,44863025.506465234
7376,441867.90158378595
7377,8995205.257071594
7378,22022629.06868376
7379,51273073.009215206
7380,50613634.22015771
7381,4622451.792797851
7382,2244205.8298294283
7383,138930.34031008728
7384,7256327.770668154
7385,35573041.53648983
7386,39280917.67290095
7387,1706258.842726605
7388,8317847.9053287795
7389,132479.95986456063
7390,209237.24377918136
7391,6667999.885806881
7392,3467822.409424387
7393,506762156.63856506
7394,31443803.43610344
7395,51574740.797838315
7396,30517167.850672126
7397,3351434.597559996
7398,1921348.2650801546
